Datetime,Stat
2025-06-09 11:32:56,13.406151672105473
2025-06-09 11:33:05,13.435097107988916
2025-06-09 11:33:13,13.386142053223562
2025-06-09 11:33:21,13.376866457067237
2025-06-09 11:33:30,13.438690586105643
2025-06-09 11:33:38,13.40018981416532
2025-06-09 11:33:47,13.451219303988069
2025-06-09 11:33:55,13.447558661606752
2025-06-09 11:34:03,13.48353846825048
2025-06-09 11:34:12,13.470790154144076
2025-06-09 11:34:20,13.478551442463996
2025-06-09 11:34:29,13.491415506905678
2025-06-09 11:34:37,13.544189941827291
2025-06-09 11:34:45,13.478816125668395
2025-06-09 11:34:54,13.53695850276302
2025-06-09 11:35:02,13.559640761683028
2025-06-09 11:35:11,13.538062583769811
2025-06-09 11:35:19,13.587567128293642
2025-06-09 11:35:27,13.612154553495447
2025-06-09 11:35:36,13.603459931489343
2025-06-09 11:35:44,13.650079472622629
2025-06-09 11:35:53,13.641066609553715
2025-06-09 11:36:01,13.6559382664428
2025-06-09 11:36:09,13.654516409997719
2025-06-09 11:36:18,13.685613891874581
2025-06-09 11:36:26,13.673601537205055
2025-06-09 11:36:35,13.6428846691302
2025-06-09 11:36:43,13.651519178949428
2025-06-09 11:36:51,13.647643388447015
2025-06-09 11:37:00,13.6399107889453
2025-06-09 11:37:08,13.581370974327868
2025-06-09 11:37:16,13.641785790075016
2025-06-09 11:37:25,13.570218724944755
2025-06-09 11:37:33,13.617172038076362
2025-06-09 11:37:42,13.55978340589278
2025-06-09 11:37:50,13.525748787746007
2025-06-09 11:37:58,13.575751105282983
2025-06-09 11:38:07,13.473159619688097
2025-06-09 11:38:15,13.465314169342115
2025-06-09 11:38:24,13.4734699075984
2025-06-09 11:38:32,13.502402610856848
2025-06-09 11:38:40,13.447458473844023
2025-06-09 11:38:49,13.466882780850149
2025-06-09 11:38:57,13.470208402332872
2025-06-09 11:39:06,13.470856034954835
2025-06-09 11:39:14,13.43503492692231
2025-06-09 11:39:22,13.434746120796408
2025-06-09 11:39:31,13.42821581025905
2025-06-09 11:39:39,13.452011075145506
2025-06-09 11:39:48,13.410636844686003
2025-06-09 11:39:56,13.406685085465536
2025-06-09 11:40:04,13.400297875427547
2025-06-09 11:40:13,13.412180457332518
2025-06-09 11:40:21,13.374193510586348
2025-06-09 11:40:30,13.417212257946826
2025-06-09 11:40:38,13.370939184678956
2025-06-09 11:40:46,13.37820969475452
2025-06-09 11:40:55,13.367683327256575
2025-06-09 11:41:03,13.36055556781902
2025-06-09 11:41:11,13.361407893308126
2025-06-09 11:41:20,13.354958365793816
2025-06-09 11:41:28,13.381191294230462
2025-06-09 11:41:37,13.357937463994752
2025-06-09 11:41:45,13.343188290907538
2025-06-09 11:41:53,13.331135819628471
2025-06-09 11:42:02,13.365521320128362
2025-06-09 11:42:10,13.330417057557757
2025-06-09 11:42:19,13.325878194992534
2025-06-09 11:42:27,13.34117411733919
2025-06-09 11:42:35,13.313655622996006
2025-06-09 11:42:44,13.340892211412967
2025-06-09 11:42:52,13.306210401537122
2025-06-09 11:43:01,13.305505452770618
2025-06-09 11:43:09,13.329489976396275
2025-06-09 11:43:17,13.34018571846521
2025-06-09 11:43:26,13.301407933828639
2025-06-09 11:43:34,13.312237990813873
2025-06-09 11:43:43,13.293901006109277
2025-06-09 11:43:51,13.334471653603043
2025-06-09 11:43:59,13.286009712893236
2025-06-09 11:44:08,13.279193638991558
2025-06-09 11:44:16,13.281294101656517
2025-06-09 11:44:25,13.312782077627652
2025-06-09 11:44:33,13.230204074237236
2025-06-09 11:44:41,13.278670029608026
2025-06-09 11:44:50,13.272744248061656
2025-06-09 11:44:58,13.255683579028702
2025-06-09 11:45:06,13.2382522702597
2025-06-09 11:45:15,13.207384746049492
2025-06-09 11:45:23,13.212895531378756
2025-06-09 11:45:32,13.220517997251608
2025-06-09 11:45:40,13.248604336234894
2025-06-09 11:45:48,13.193965616796348
2025-06-09 11:45:57,13.219051819950145
2025-06-09 11:46:05,13.229840876108941
2025-06-09 11:46:14,13.152752235588192
2025-06-09 11:46:22,13.166034547529364
2025-06-09 11:46:30,13.208019361509756
2025-06-09 11:46:39,13.172328909977484
2025-06-09 11:46:47,13.171497042066747
2025-06-09 11:46:56,13.21310431298966
2025-06-09 11:47:04,13.159957247345986
2025-06-09 11:47:12,13.179873750455151
2025-06-09 11:47:21,13.135048402920596
2025-06-09 11:47:29,13.1736522340045
2025-06-09 11:47:38,13.106429900544676
2025-06-09 11:47:46,13.186909524626966
2025-06-09 11:47:54,13.157539519079695
2025-06-09 11:48:03,13.142087233816333
2025-06-09 11:48:11,13.175022530221042
2025-06-09 11:48:20,13.175569430668599
2025-06-09 11:48:28,13.169879828758553
2025-06-09 11:48:36,13.165264998860827
2025-06-09 11:48:45,13.152778660289812
2025-06-09 11:48:53,13.109955140516359
2025-06-09 11:49:01,13.161446374960565
2025-06-09 11:49:10,13.164773932123037
2025-06-09 11:49:18,13.17690880017128
2025-06-09 11:49:27,13.16421887415131
2025-06-09 11:49:35,13.155095507330046
2025-06-09 11:49:43,13.150825990429446
2025-06-09 11:49:52,13.174596798061497
2025-06-09 11:50:00,13.170956721005219
2025-06-09 11:50:09,13.159589673002866
2025-06-09 11:50:17,13.162063027815446
2025-06-09 11:50:25,13.186996219328812
2025-06-09 11:50:34,13.20673559544646
2025-06-09 11:50:42,13.193310176769629
2025-06-09 11:50:51,13.19268135309538
2025-06-09 11:50:59,13.213314646610648
2025-06-09 11:51:07,13.231476075846302
2025-06-09 11:51:16,13.208086194584624
2025-06-09 11:51:24,13.209642974654624
2025-06-09 11:51:33,13.249497500413359
2025-06-09 11:51:41,13.255547332474144
2025-06-09 11:51:49,13.204604785298752
2025-06-09 11:51:58,13.230290438359521
2025-06-09 11:52:06,13.227055797801071
2025-06-09 11:52:14,13.220045025057058
2025-06-09 11:52:23,13.23087008542424
2025-06-09 11:52:31,13.229943714098496
2025-06-09 11:52:40,13.262291765075961
2025-06-09 11:52:48,13.241687664593012
2025-06-09 11:52:56,13.263027810892453
2025-06-09 11:53:05,13.246639335293072
2025-06-09 11:53:13,13.24315121244117
2025-06-09 11:53:22,13.247077778380067
2025-06-09 11:53:30,13.269804339856663
2025-06-09 11:53:38,13.247789561707489
2025-06-09 11:53:47,13.26452735210767
2025-06-09 11:53:55,13.251878508684012
2025-06-09 11:54:04,13.257401380234409
2025-06-09 11:54:12,13.2905428223374
2025-06-09 11:54:20,13.240492265533362
2025-06-09 11:54:29,13.25756031103073
2025-06-09 11:54:37,13.286753827195547
2025-06-09 11:54:46,13.242870845931364
2025-06-09 11:54:54,13.267137402093852
2025-06-09 11:55:02,13.27518959117263
2025-06-09 11:55:11,13.255089756451664
2025-06-09 11:55:19,13.24744955444283
2025-06-09 11:55:27,13.299727315393579
2025-06-09 11:55:36,13.32433248497652
2025-06-09 11:55:44,13.339056299981262
2025-06-09 11:55:53,13.32298641579414
2025-06-09 11:56:01,13.311321264450001
2025-06-09 11:56:09,13.301934121313419
2025-06-09 11:56:18,13.3514087194165
2025-06-09 11:56:26,13.339296797280646
2025-06-09 11:56:35,13.347268519327955
2025-06-09 11:56:43,13.376079558338642
2025-06-09 11:56:51,13.39258366874272
2025-06-09 11:57:00,13.374268561810727
2025-06-09 11:57:08,13.387485006945521
2025-06-09 11:57:17,13.351410914745312
2025-06-09 11:57:25,13.394084943745181
2025-06-09 11:57:33,13.384794271568197
2025-06-09 11:57:42,13.373803079037337
2025-06-09 11:57:50,13.395369671210112
2025-06-09 11:57:59,13.388755881233624
2025-06-09 11:58:07,13.41428290040599
2025-06-09 11:58:15,13.391247881919188
2025-06-09 11:58:24,13.373206604417089
2025-06-09 11:58:32,13.363158916315957
2025-06-09 11:58:41,13.393549565298724
2025-06-09 11:58:49,13.350892634564374
2025-06-09 11:58:57,13.348390269841182
2025-06-09 11:59:06,13.38091548076521
2025-06-09 11:59:14,13.389363591435242
2025-06-09 11:59:22,13.34840740590758
2025-06-09 11:59:31,13.381538239418763
2025-06-09 11:59:39,13.35974334402189
2025-06-09 11:59:48,13.310496008887814
2025-06-09 11:59:56,13.33802835760094
2025-06-09 12:00:04,13.365369779113944
2025-06-09 12:00:13,13.315301670641482
2025-06-09 12:00:21,13.319958357041777
2025-06-09 12:00:30,13.338448935297915
2025-06-09 12:00:38,13.32461694144919
2025-06-09 12:00:46,13.323809425168111
2025-06-09 12:00:55,13.318753563848002
2025-06-09 12:01:03,13.35884805996001
2025-06-09 12:01:12,13.303817595201455
2025-06-09 12:01:20,13.30101739598038
2025-06-09 12:01:28,13.31004866460803
2025-06-09 12:01:37,13.358204828554175
2025-06-09 12:01:45,13.345182666312585
2025-06-09 12:01:54,13.339088373959537
2025-06-09 12:02:02,13.346600059186418
2025-06-09 12:02:10,13.316545380898337
2025-06-09 12:02:19,13.343283010504955
2025-06-09 12:02:27,13.33676596864904
2025-06-09 12:02:36,13.343981632852174
2025-06-09 12:02:44,13.357264039916256
2025-06-09 12:02:52,13.3600841622678
2025-06-09 12:03:01,13.341586544900203
2025-06-09 12:03:09,13.335532422903452
2025-06-09 12:03:17,13.340473307165595
2025-06-09 12:03:26,13.37745933205376
2025-06-09 12:03:34,13.34247285770505
2025-06-09 12:03:43,13.326665156110685
2025-06-09 12:03:51,13.338046280579459
2025-06-09 12:03:59,13.325927311186152
2025-06-09 12:04:08,13.343378908190559
2025-06-09 12:04:16,13.33277675283184
2025-06-09 12:04:25,13.391829949604144
2025-06-09 12:04:33,13.34894845009994
2025-06-09 12:04:41,13.362017717674814
2025-06-09 12:04:50,13.35510874823608
2025-06-09 12:04:58,13.320630097934309
2025-06-09 12:05:07,13.370192937530248
2025-06-09 12:05:15,13.35679119136509
2025-06-09 12:05:23,13.372156362152399
2025-06-09 12:05:32,13.356326019807117
2025-06-09 12:05:40,13.381941930571752
2025-06-09 12:05:49,13.401473680703155
2025-06-09 12:05:57,13.399263801589882
2025-06-09 12:06:05,13.383229428053916
2025-06-09 12:06:14,13.384654606164492
2025-06-09 12:06:22,13.421235044905206
2025-06-09 12:06:31,13.460731992301799
2025-06-09 12:06:39,13.383459226838728
2025-06-09 12:06:47,13.433198623246192
2025-06-09 12:06:56,13.412597638274423
2025-06-09 12:07:04,13.436168999129308
2025-06-09 12:07:12,13.447346472216651
2025-06-09 12:07:21,13.485294676434108
2025-06-09 12:07:29,13.437452579560148
2025-06-09 12:07:38,13.515236147004774
2025-06-09 12:07:46,13.464848022311685
2025-06-09 12:07:55,13.53922676224325
2025-06-09 12:08:03,13.550418153931702
2025-06-09 12:08:11,13.49920033848844
2025-06-09 12:08:20,13.535700546596807
2025-06-09 12:08:28,13.589654606930331
2025-06-09 12:08:37,13.624214191791584
2025-06-09 12:08:45,13.593139714396617
2025-06-09 12:08:53,13.584161533065014
2025-06-09 12:09:02,13.6577921177897
2025-06-09 12:09:10,13.606277405637659
2025-06-09 12:09:19,13.574271208370472
2025-06-09 12:09:27,13.63834980170672
2025-06-09 12:09:35,13.63963935038118
2025-06-09 12:09:44,13.683967759235522
2025-06-09 12:09:52,13.61296697187418
2025-06-09 12:10:00,13.646346461564669
2025-06-09 12:10:09,13.653415227087532
2025-06-09 12:10:17,13.647393479008752
2025-06-09 12:10:26,13.673983664031592
2025-06-09 12:10:34,13.616922278199855
2025-06-09 12:10:42,13.692418389803429
2025-06-09 12:10:51,13.648873104589782
2025-06-09 12:10:59,13.667227365230872
2025-06-09 12:11:08,13.631434716738408
2025-06-09 12:11:16,13.634987912100723
2025-06-09 12:11:24,13.656636332960638
2025-06-09 12:11:33,13.671297950931784
2025-06-09 12:11:41,13.671601914180847
2025-06-09 12:11:50,13.67405801610602
2025-06-09 12:11:58,13.620242749839086
2025-06-09 12:12:06,13.664056047836468
2025-06-09 12:12:15,13.646314711696668
2025-06-09 12:12:23,13.67908699142492
2025-06-09 12:12:32,13.634723536931897
2025-06-09 12:12:40,13.628419235890544
2025-06-09 12:12:48,13.68634961071255
2025-06-09 12:12:57,13.677499040824806
2025-06-09 12:13:05,13.639185994827045
2025-06-09 12:13:13,13.637346497698353
2025-06-09 12:13:22,13.657980613730128
2025-06-09 12:13:30,13.669085004689965
2025-06-09 12:13:39,13.649514226222788
2025-06-09 12:13:47,13.639491897547558
2025-06-09 12:13:55,13.636843853189436
2025-06-09 12:14:04,13.608434868299494
2025-06-09 12:14:12,13.655615511619033
2025-06-09 12:14:21,13.621621582816406
2025-06-09 12:14:29,13.622431667138283
2025-06-09 12:14:37,13.615504158840416
2025-06-09 12:14:46,13.604147416510177
2025-06-09 12:14:54,13.65488366966392
2025-06-09 12:15:03,13.639202670135035
2025-06-09 12:15:11,13.622084892190198
2025-06-09 12:15:19,13.65979414130966
2025-06-09 12:15:28,13.642251479551469
2025-06-09 12:15:36,13.6038348069029
2025-06-09 12:15:45,13.646531368254546
2025-06-09 12:15:53,13.607861597454281
2025-06-09 12:16:01,13.59421832365479
2025-06-09 12:16:10,13.62201256493448
2025-06-09 12:16:18,13.641502664872135
2025-06-09 12:16:27,13.63485071714231
2025-06-09 12:16:35,13.626292236436424
2025-06-09 12:16:43,13.637302907841711
2025-06-09 12:16:52,13.621931088886587
2025-06-09 12:17:00,13.617430088312275
2025-06-09 12:17:09,13.635481828360113
2025-06-09 12:17:17,13.610581428882536
2025-06-09 12:17:25,13.58345872171046
2025-06-09 12:17:34,13.591758887019871
2025-06-09 12:17:42,13.620567700730234
2025-06-09 12:17:50,13.613137530592589
2025-06-09 12:17:59,13.593578414950713
2025-06-09 12:18:07,13.592429442621743
2025-06-09 12:18:16,13.626860515134052
2025-06-09 12:18:24,13.622237907673998
2025-06-09 12:18:32,13.597086261271158
2025-06-09 12:18:41,13.60596965426858
2025-06-09 12:18:49,13.650713376644646
2025-06-09 12:18:58,13.62530142425123
2025-06-09 12:19:06,13.559925595391576
2025-06-09 12:19:14,13.632384197073776
2025-06-09 12:19:23,13.554919953596983
2025-06-09 12:19:31,13.565789099551505
2025-06-09 12:19:40,13.644659465549754
2025-06-09 12:19:48,13.607946886999962
2025-06-09 12:19:56,13.586789069119984
2025-06-09 12:20:05,13.56534706014844
2025-06-09 12:20:13,13.62840656855142
2025-06-09 12:20:22,13.601563985663454
2025-06-09 12:20:30,13.562815100696053
2025-06-09 12:20:38,13.659984308793629
2025-06-09 12:20:47,13.523556800076864
2025-06-09 12:20:55,13.63801439652839
2025-06-09 12:21:04,13.636444654922268
2025-06-09 12:21:12,13.592039322080506
2025-06-09 12:21:20,13.611103834910029
2025-06-09 12:21:29,13.62641387470197
2025-06-09 12:21:37,13.588555976220615
2025-06-09 12:21:45,13.63819134772644
2025-06-09 12:21:54,13.595959849364085
2025-06-09 12:22:02,13.610404164806031
2025-06-09 12:22:11,13.644249114393798
2025-06-09 12:22:19,13.63303379013816
2025-06-09 12:22:27,13.622956832195648
2025-06-09 12:22:36,13.641697162675612
2025-06-09 12:22:44,13.64658858692135
2025-06-09 12:22:53,13.624659677312565
2025-06-09 12:23:01,13.649491396169605
2025-06-09 12:23:09,13.685751593561704
2025-06-09 12:23:18,13.655514195396076
2025-06-09 12:23:26,13.61769324875949
2025-06-09 12:23:35,13.654130034738898
2025-06-09 12:23:43,13.640388677226639
2025-06-09 12:23:51,13.677902467240848
2025-06-09 12:24:00,13.68688582942709
2025-06-09 12:24:08,13.681247502030825
2025-06-09 12:24:17,13.657851712028773
2025-06-09 12:24:25,13.663453273386587
2025-06-09 12:24:33,13.654864097070682
2025-06-09 12:24:42,13.674641131862202
2025-06-09 12:24:50,13.712024597486273
2025-06-09 12:24:58,13.69860809524926
2025-06-09 12:25:07,13.691798093555079
2025-06-09 12:25:15,13.669597417288447
2025-06-09 12:25:24,13.680679831244259
2025-06-09 12:25:32,13.640270580088934
2025-06-09 12:25:40,13.671569860150338
2025-06-09 12:25:49,13.64760504979402
2025-06-09 12:25:57,13.642930038229029
2025-06-09 12:26:06,13.672236128597191
2025-06-09 12:26:14,13.698917295286545
2025-06-09 12:26:22,13.674503505786362
2025-06-09 12:26:31,13.649258796708338
2025-06-09 12:26:39,13.662812408769462
2025-06-09 12:26:48,13.661091665204218
2025-06-09 12:26:56,13.64832740279222
2025-06-09 12:27:04,13.627749283894602
2025-06-09 12:27:13,13.667600714623731
2025-06-09 12:27:21,13.681991019036474
2025-06-09 12:27:30,13.62204988958674
2025-06-09 12:27:38,13.651207507861688
2025-06-09 12:27:46,13.655626624489194
2025-06-09 12:27:55,13.654201075253134
2025-06-09 12:28:03,13.657410313198195
2025-06-09 12:28:12,13.660938841867853
2025-06-09 12:28:20,13.60511682963951
2025-06-09 12:28:28,13.649326938483334
2025-06-09 12:28:37,13.63477401653667
2025-06-09 12:28:45,13.663122412605297
2025-06-09 12:28:53,13.692500803000982
2025-06-09 12:29:02,13.649552837541894
2025-06-09 12:29:10,13.631466913788557
2025-06-09 12:29:19,13.662432441445564
2025-06-09 12:29:27,13.636326547634514
2025-06-09 12:29:35,13.644697424193804
2025-06-09 12:29:44,13.654803853090929
2025-06-09 12:29:52,13.660944803069725
2025-06-09 12:30:01,13.664160545167768
2025-06-09 12:30:09,13.657494061007736
2025-06-09 12:30:17,13.69149795813486
2025-06-09 12:30:26,13.6846230321637
2025-06-09 12:30:34,13.659887357359246
2025-06-09 12:30:43,13.67993822193369
2025-06-09 12:30:51,13.699724412235625
2025-06-09 12:30:59,13.660681957587503
2025-06-09 12:31:08,13.650764194896752
2025-06-09 12:31:16,13.64232480341569
2025-06-09 12:31:25,13.65129685508359
2025-06-09 12:31:33,13.657250045193798
2025-06-09 12:31:41,13.628809582286333
2025-06-09 12:31:50,13.617196888536292
2025-06-09 12:31:58,13.669260525721597
2025-06-09 12:32:07,13.660344275998671
2025-06-09 12:32:15,13.632391230518373
2025-06-09 12:32:23,13.668089283382205
2025-06-09 12:32:32,13.59030803216465
2025-06-09 12:32:40,13.638655803531126
2025-06-09 12:32:49,13.64962919522727
2025-06-09 12:32:57,13.622367936154617
2025-06-09 12:33:05,13.628620669600533
2025-06-09 12:33:14,13.62608255362571
2025-06-09 12:33:22,13.623266644761806
2025-06-09 12:33:30,13.6435971784435
2025-06-09 12:33:39,13.601392871907052
2025-06-09 12:33:47,13.60910346399757
2025-06-09 12:33:56,13.60285268078437
2025-06-09 12:34:04,13.608789762581782
2025-06-09 12:34:12,13.636540304956085
2025-06-09 12:34:21,13.603658705768726
2025-06-09 12:34:29,13.639941919233554
2025-06-09 12:34:38,13.593447001628284
2025-06-09 12:34:46,13.585189206823436
2025-06-09 12:34:54,13.57696211475368
2025-06-09 12:35:03,13.591154325392864
2025-06-09 12:35:11,13.658452985738453
2025-06-09 12:35:20,13.587195860051835
2025-06-09 12:35:28,13.681836336179252
2025-06-09 12:35:36,13.583674622819785
2025-06-09 12:35:45,13.593667202115931
2025-06-09 12:35:53,13.625360355263933
2025-06-09 12:36:02,13.662075470110238
2025-06-09 12:36:10,13.655331552252989
2025-06-09 12:36:18,13.651116437116698
2025-06-09 12:36:27,13.658816204359756
2025-06-09 12:36:35,13.635177435385813
2025-06-09 12:36:43,13.664688380538955
2025-06-09 12:36:52,13.610390654493518
2025-06-09 12:37:00,13.644447515065117
2025-06-09 12:37:09,13.671852838513313
2025-06-09 12:37:17,13.63574941781594
2025-06-09 12:37:25,13.63477569289553
2025-06-09 12:37:34,13.65327139327552
2025-06-09 12:37:42,13.664535791555458
2025-06-09 12:37:51,13.672571644923796
2025-06-09 12:37:59,13.645752658273373
2025-06-09 12:38:07,13.663931002210255
2025-06-09 12:38:16,13.676535480073223
2025-06-09 12:38:24,13.68846866115576
2025-06-09 12:38:33,13.636373529435716
2025-06-09 12:38:41,13.666497387267167
2025-06-09 12:38:49,13.687607054337118
2025-06-09 12:38:58,13.696915292687816
2025-06-09 12:39:06,13.678733392699801
2025-06-09 12:39:15,13.659013930028685
2025-06-09 12:39:23,13.68075584356447
2025-06-09 12:39:31,13.69264800379133
2025-06-09 12:39:40,13.682192591351328
2025-06-09 12:39:48,13.669557563492095
2025-06-09 12:39:57,13.656191368266182
2025-06-09 12:40:05,13.657158491298716
2025-06-09 12:40:13,13.653698872828521
2025-06-09 12:40:22,13.622123779290966
2025-06-09 12:40:30,13.613198755684259
2025-06-09 12:40:39,13.6175117309369
2025-06-09 12:40:47,13.614197534039867
2025-06-09 12:40:55,13.592215428029935
2025-06-09 12:41:04,13.646171317880377
2025-06-09 12:41:12,13.554516437868795
2025-06-09 12:41:21,13.543427127577981
2025-06-09 12:41:29,13.577419737031235
2025-06-09 12:41:37,13.576389058841787
2025-06-09 12:41:46,13.523298076693532
2025-06-09 12:41:54,13.553741803862785
2025-06-09 12:42:02,13.539281441941316
2025-06-09 12:42:11,13.550800233389143
2025-06-09 12:42:19,13.601914461635126
2025-06-09 12:42:28,13.5356517206102
2025-06-09 12:42:36,13.594862039110787
2025-06-09 12:42:44,13.6180473265667
2025-06-09 12:42:53,13.603582653349886
2025-06-09 12:43:01,13.576594697754967
2025-06-09 12:43:10,13.58945215394289
2025-06-09 12:43:18,13.61485988129225
2025-06-09 12:43:26,13.588954823380838
2025-06-09 12:43:35,13.587054745646572
2025-06-09 12:43:43,13.666255907457963
2025-06-09 12:43:52,13.60630964092394
2025-06-09 12:44:00,13.641264689334449
2025-06-09 12:44:08,13.652535145456834
2025-06-09 12:44:17,13.63318171274118
2025-06-09 12:44:25,13.599507146540674
2025-06-09 12:44:34,13.618371143328027
2025-06-09 12:44:42,13.64049413949892
2025-06-09 12:44:50,13.659532076090962
2025-06-09 12:44:59,13.625842072617385
2025-06-09 12:45:07,13.62650814810419
2025-06-09 12:45:15,13.64508735040204
2025-06-09 12:45:24,13.620014804847681
2025-06-09 12:45:32,13.565258395256262
2025-06-09 12:45:41,13.602365785322998
2025-06-09 12:45:49,13.552636931114094
2025-06-09 12:45:57,13.574809437065348
2025-06-09 12:46:06,13.57092077678481
2025-06-09 12:46:14,13.540962546650615
2025-06-09 12:46:23,13.52134686326523
2025-06-09 12:46:31,13.508578548855777
2025-06-09 12:46:39,13.502285122658751
2025-06-09 12:46:48,13.558975678683964
2025-06-09 12:46:56,13.483396279458312
2025-06-09 12:47:05,13.520779368768096
2025-06-09 12:47:13,13.518212671017313
2025-06-09 12:47:21,13.511581897917342
2025-06-09 12:47:30,13.469697414458565
2025-06-09 12:47:38,13.507023269407732
2025-06-09 12:47:47,13.490976997228813
2025-06-09 12:47:55,13.439420801895366
2025-06-09 12:48:03,13.495271734894658
2025-06-09 12:48:12,13.513207186712208
2025-06-09 12:48:20,13.48641622320141
2025-06-09 12:48:28,13.489015480647172
2025-06-09 12:48:37,13.465111184624291
2025-06-09 12:48:45,13.47067762853952
2025-06-09 12:48:54,13.484305910732871
2025-06-09 12:49:02,13.53353609327105
2025-06-09 12:49:10,13.489840681027992
2025-06-09 12:49:19,13.476445839304432
2025-06-09 12:49:27,13.50675207184134
2025-06-09 12:49:36,13.53268692033705
2025-06-09 12:49:44,13.537247906411661
2025-06-09 12:49:52,13.510301164065378
2025-06-09 12:50:01,13.570818804131438
2025-06-09 12:50:09,13.522721862574596
2025-06-09 12:50:18,13.569339501701133
2025-06-09 12:50:26,13.596197031081743
2025-06-09 12:50:34,13.63857670281762
2025-06-09 12:50:43,13.598249885661819
2025-06-09 12:50:51,13.642329857127756
2025-06-09 12:51:00,13.685618625439918
2025-06-09 12:51:08,13.643470139881007
2025-06-09 12:51:16,13.667112834161305
2025-06-09 12:51:25,13.637912534806336
2025-06-09 12:51:33,13.62060058575117
2025-06-09 12:51:42,13.642510388293573
2025-06-09 12:51:50,13.626286879888742
2025-06-09 12:51:58,13.646641275626315
2025-06-09 12:52:07,13.694506853426603
2025-06-09 12:52:15,13.669019712147723
2025-06-09 12:52:24,13.663419268467244
2025-06-09 12:52:32,13.678105820939045
2025-06-09 12:52:40,13.637865429324584
2025-06-09 12:52:49,13.695272510016864
2025-06-09 12:52:57,13.658514101684762
2025-06-09 12:53:06,13.675825206596244
2025-06-09 12:53:14,13.659533156048859
2025-06-09 12:53:22,13.647956001352231
2025-06-09 12:53:31,13.731827600677377
2025-06-09 12:53:39,13.648699669696281
2025-06-09 12:53:47,13.621432884825325
2025-06-09 12:53:56,13.639097084749569
2025-06-09 12:54:04,13.706295150702548
2025-06-09 12:54:13,13.633246073196151
2025-06-09 12:54:21,13.683297657258755
2025-06-09 12:54:29,13.694340537806127
2025-06-09 12:54:38,13.671473383094177
2025-06-09 12:54:46,13.666474986843507
2025-06-09 12:54:55,13.667111406965457
2025-06-09 12:55:03,13.640401447739041
2025-06-09 12:55:11,13.636526298007574
2025-06-09 12:55:20,13.634574780409572
2025-06-09 12:55:28,13.605669318916192
2025-06-09 12:55:37,13.634760826885362
2025-06-09 12:55:45,13.590142176717684
2025-06-09 12:55:53,13.600231744407782
2025-06-09 12:56:02,13.57606958518808
2025-06-09 12:56:10,13.54425970571253
2025-06-09 12:56:19,13.522847369193066
2025-06-09 12:56:27,13.543447045402246
2025-06-09 12:56:35,13.522267461874808
2025-06-09 12:56:44,13.511839708818748
2025-06-09 12:56:52,13.526992851160077
2025-06-09 12:57:01,13.539517578618664
2025-06-09 12:57:09,13.546652067866393
2025-06-09 12:57:17,13.515639838979734
2025-06-09 12:57:26,13.547131781792288
2025-06-09 12:57:34,13.57162971604869
2025-06-09 12:57:42,13.518732735363471
2025-06-09 12:57:51,13.550113360126577
2025-06-09 12:57:59,13.53562442501844
2025-06-09 12:58:08,13.490856262846865
2025-06-09 12:58:16,13.549401513915491
2025-06-09 12:58:24,13.497220698348087
2025-06-09 12:58:33,13.524123051389587
2025-06-09 12:58:41,13.54577134057796
2025-06-09 12:58:50,13.496734410420547
2025-06-09 12:58:58,13.48129365631938
2025-06-09 12:59:06,13.480655759219559
2025-06-09 12:59:15,13.482752841560924
2025-06-09 12:59:23,13.47790341733264
2025-06-09 12:59:32,13.45158210736242
2025-06-09 12:59:40,13.445088163463112
2025-06-09 12:59:48,13.430433832924582
2025-06-09 12:59:57,13.457639604291707
2025-06-09 13:00:05,13.448269759685942
2025-06-09 13:00:14,13.45839352587993
2025-06-09 13:00:22,13.487631892483854
2025-06-09 13:00:30,13.475330498848454
2025-06-09 13:00:39,13.532334020841745
2025-06-09 13:00:47,13.513894230399604
2025-06-09 13:00:56,13.56208558147145
2025-06-09 13:01:04,13.524533210181179
2025-06-09 13:01:12,13.645615231698244
2025-06-09 13:01:21,13.537260346721624
2025-06-09 13:01:29,13.623113541522162
2025-06-09 13:01:37,13.624749373788422
2025-06-09 13:01:46,13.568863479298596
2025-06-09 13:01:54,13.65006426171735
2025-06-09 13:02:03,13.674367853307018
2025-06-09 13:02:11,13.668000875670142
2025-06-09 13:02:19,13.68926483831158
2025-06-09 13:02:28,13.678983917597808
2025-06-09 13:02:36,13.636977308883036
2025-06-09 13:02:45,13.687547665368676
2025-06-09 13:02:53,13.708887546728949
2025-06-09 13:03:01,13.695877003647325
2025-06-09 13:03:10,13.739407575368848
2025-06-09 13:03:18,13.668311830017299
2025-06-09 13:03:27,13.686536463830027
2025-06-09 13:03:35,13.711042701362857
2025-06-09 13:03:43,13.700906806986083
2025-06-09 13:03:52,13.713300261294751
2025-06-09 13:04:00,13.71062150048822
2025-06-09 13:04:08,13.65144390340269
2025-06-09 13:04:17,13.683393018066322
2025-06-09 13:04:25,13.649192495049387
2025-06-09 13:04:34,13.663989803607883
2025-06-09 13:04:42,13.607887697607168
2025-06-09 13:04:50,13.64586198903465
2025-06-09 13:04:59,13.645523494273565
2025-06-09 13:05:07,13.598668570646495
2025-06-09 13:05:16,13.653523449322666
2025-06-09 13:05:24,13.628610915782474
2025-06-09 13:05:32,13.691793774720772
2025-06-09 13:05:41,13.596346855156739
2025-06-09 13:05:49,13.603259123361632
2025-06-09 13:05:58,13.605862772503304
2025-06-09 13:06:06,13.622718350619312
2025-06-09 13:06:14,13.625971938759182
2025-06-09 13:06:23,13.638718226438154
2025-06-09 13:06:31,13.590309932846367
2025-06-09 13:06:40,13.60492175896318
2025-06-09 13:06:48,13.649814774536246
2025-06-09 13:06:56,13.618242839107982
2025-06-09 13:07:05,13.591302603102484
2025-06-09 13:07:13,13.562854970030418
2025-06-09 13:07:21,13.590653707358019
2025-06-09 13:07:30,13.575407174246482
2025-06-09 13:07:38,13.560239453788174
2025-06-09 13:07:47,13.501977408079334
2025-06-09 13:07:55,13.569707003035784
2025-06-09 13:08:03,13.500326005076623
2025-06-09 13:08:12,13.472451813917797
2025-06-09 13:08:20,13.467791817575112
2025-06-09 13:08:29,13.423365502363389
2025-06-09 13:08:37,13.391235788004902
2025-06-09 13:08:45,13.443103694791109
2025-06-09 13:08:54,13.357829060086214
2025-06-09 13:09:02,13.332765035981279
2025-06-09 13:09:11,13.33667797041133
2025-06-09 13:09:19,13.315774349051857
2025-06-09 13:09:27,13.32677514666495
2025-06-09 13:09:36,13.331428711797262
2025-06-09 13:09:44,13.342473873133258
2025-06-09 13:09:53,13.333718061802742
2025-06-09 13:10:01,13.31986198162194
2025-06-09 13:10:09,13.340437727282353
2025-06-09 13:10:18,13.337124724749302
2025-06-09 13:10:26,13.318670704546626
2025-06-09 13:10:35,13.325284676247644
2025-06-09 13:10:43,13.359602897229124
2025-06-09 13:10:51,13.346400192863271
2025-06-09 13:11:00,13.34741793474101
2025-06-09 13:11:08,13.344981718841975
2025-06-09 13:11:17,13.348525644528372
2025-06-09 13:11:25,13.365209185375484
2025-06-09 13:11:33,13.37730855343964
2025-06-09 13:11:42,13.393131121279861
2025-06-09 13:11:50,13.456778755374284
2025-06-09 13:11:58,13.460532740950264
2025-06-09 13:12:07,13.454391975195463
2025-06-09 13:12:15,13.512090285091194
2025-06-09 13:12:24,13.516367546460362
2025-06-09 13:12:32,13.477119846961376
2025-06-09 13:12:40,13.613217053839858
2025-06-09 13:12:49,13.525671950377763
2025-06-09 13:12:57,13.668894450175728
2025-06-09 13:13:06,13.68776519547346
2025-06-09 13:13:14,13.665115137803785
2025-06-09 13:13:22,13.667787913709287
2025-06-09 13:13:31,13.65842462985065
2025-06-09 13:13:39,13.690160480061277
2025-06-09 13:13:48,13.721889472627396
2025-06-09 13:13:56,13.62518889932662
2025-06-09 13:14:04,13.710153356834866
2025-06-09 13:14:13,13.69992225382294
2025-06-09 13:14:21,13.698543063929545
2025-06-09 13:14:30,13.687220605006388
2025-06-09 13:14:38,13.72997316252571
2025-06-09 13:14:46,13.710936541138182
2025-06-09 13:14:55,13.747700071285045
2025-06-09 13:15:03,13.707175112196143
2025-06-09 13:15:11,13.682165408445304
2025-06-09 13:15:20,13.745287819460291
2025-06-09 13:15:28,13.710423683582146
2025-06-09 13:15:37,13.73400050230713
2025-06-09 13:15:45,13.70710981167666
2025-06-09 13:15:53,13.67479330055761
2025-06-09 13:16:02,13.712168396785877
2025-06-09 13:16:10,13.708776649928321
2025-06-09 13:16:19,13.684486433220307
2025-06-09 13:16:27,13.693055582662442
2025-06-09 13:16:35,13.70252871031812
2025-06-09 13:16:44,13.676587692698682
2025-06-09 13:16:52,13.678007692240278
2025-06-09 13:17:01,13.679613856308485
2025-06-09 13:17:09,13.707334116208393
2025-06-09 13:17:17,13.67270653141037
2025-06-09 13:17:26,13.718932973952942
2025-06-09 13:17:34,13.717316969582285
2025-06-09 13:17:43,13.65079047145933
2025-06-09 13:17:51,13.65319920752253
2025-06-09 13:17:59,13.700985526195975
2025-06-09 13:18:08,13.652901224457477
2025-06-09 13:18:16,13.6888297479519
2025-06-09 13:18:24,13.661376563975331
2025-06-09 13:18:33,13.690380082983786
2025-06-09 13:18:41,13.707333967121691
2025-06-09 13:18:50,13.667506039825653
2025-06-09 13:18:58,13.713259242190965
2025-06-09 13:19:06,13.691054894151662
2025-06-09 13:19:15,13.689375677828576
2025-06-09 13:19:23,13.700782142996506
2025-06-09 13:19:32,13.687275074282415
2025-06-09 13:19:40,13.675203944751736
2025-06-09 13:19:48,13.701845587870306
2025-06-09 13:19:57,13.675462251728423
2025-06-09 13:20:05,13.69520226548736
2025-06-09 13:20:14,13.682389551713811
2025-06-09 13:20:22,13.656626107850286
2025-06-09 13:20:30,13.665470127655734
2025-06-09 13:20:39,13.671648826316353
2025-06-09 13:20:47,13.671592976352908
2025-06-09 13:20:56,13.673898487315281
2025-06-09 13:21:04,13.685044948271948
2025-06-09 13:21:12,13.675590753106885
2025-06-09 13:21:21,13.702152275999783
2025-06-09 13:21:29,13.677510026650467
2025-06-09 13:21:38,13.6825657595695
2025-06-09 13:21:46,13.702056787169795
2025-06-09 13:21:54,13.659310057665351
2025-06-09 13:22:03,13.69382312276882
2025-06-09 13:22:11,13.705893941498605
2025-06-09 13:22:19,13.653147436129451
2025-06-09 13:22:28,13.708422295812056
2025-06-09 13:22:36,13.671694251431791
2025-06-09 13:22:45,13.681232129579634
2025-06-09 13:22:53,13.703159461273778
2025-06-09 13:23:01,13.671741143901723
2025-06-09 13:23:10,13.676100461180432
2025-06-09 13:23:18,13.690854176485608
2025-06-09 13:23:27,13.65044406947866
2025-06-09 13:23:35,13.646343306525562
2025-06-09 13:23:43,13.683371389458966
2025-06-09 13:23:52,13.698494668728049
2025-06-09 13:24:00,13.654868550807265
2025-06-09 13:24:09,13.687785367950955
2025-06-09 13:24:17,13.706798894536366
2025-06-09 13:24:25,13.693177198804413
2025-06-09 13:24:34,13.686390501113202
2025-06-09 13:24:42,13.686186657137117
2025-06-09 13:24:51,13.741186585928737
2025-06-09 13:24:59,13.686026055626275
2025-06-09 13:25:07,13.716064549936831
2025-06-09 13:25:16,13.7029954995213
2025-06-09 13:25:24,13.70143039517875
2025-06-09 13:25:32,13.69218136733162
2025-06-09 13:25:41,13.662371287132299
2025-06-09 13:25:49,13.705832372738588
2025-06-09 13:25:58,13.698971526830295
2025-06-09 13:26:06,13.724183388089507
2025-06-09 13:26:14,13.690374948510794
2025-06-09 13:26:23,13.661042726670832
2025-06-09 13:26:31,13.667650987861435
2025-06-09 13:26:40,13.712503736358993
2025-06-09 13:26:48,13.668030710375756
2025-06-09 13:26:56,13.692521965198964
2025-06-09 13:27:05,13.672885226499588
2025-06-09 13:27:13,13.683268040208702
2025-06-09 13:27:22,13.673854259285857
2025-06-09 13:27:30,13.69878595721276
2025-06-09 13:27:38,13.691404973939857
2025-06-09 13:27:47,13.680257353423997
2025-06-09 13:27:55,13.645997637079994
2025-06-09 13:28:04,13.657853677566976
2025-06-09 13:28:12,13.636271819827716
2025-06-09 13:28:20,13.63631510349951
2025-06-09 13:28:29,13.67623968035138
2025-06-09 13:28:37,13.622613451165517
2025-06-09 13:28:45,13.688195847892828
2025-06-09 13:28:54,13.62386073327949
2025-06-09 13:29:02,13.602631988293517
2025-06-09 13:29:11,13.597979861912023
2025-06-09 13:29:19,13.582672329388117
2025-06-09 13:29:27,13.58885101532021
2025-06-09 13:29:36,13.604233242826044
2025-06-09 13:29:44,13.557226262265392
2025-06-09 13:29:53,13.585327747708636
2025-06-09 13:30:01,13.573398309927345
2025-06-09 13:30:09,13.623299633862153
2025-06-09 13:30:18,13.605473891117253
2025-06-09 13:30:26,13.576074968932385
2025-06-09 13:30:35,13.533910255154964
2025-06-09 13:30:43,13.56822911937882
2025-06-09 13:30:51,13.600495894882119
2025-06-09 13:31:00,13.476241235626116
2025-06-09 13:31:08,13.567302000872811
2025-06-09 13:31:17,13.481047847989593
2025-06-09 13:31:25,13.48735492332169
2025-06-09 13:31:33,13.491142588393
2025-06-09 13:31:42,13.505801399607776
2025-06-09 13:31:50,13.470817994956768
2025-06-09 13:31:59,13.440265487945705
2025-06-09 13:32:07,13.469809129616415
2025-06-09 13:32:15,13.42072511245237
2025-06-09 13:32:24,13.411207582137056
2025-06-09 13:32:32,13.408909666095742
2025-06-09 13:32:40,13.436912252283658
2025-06-09 13:32:49,13.35607854767424
2025-06-09 13:32:57,13.376763717448181
2025-06-09 13:33:06,13.379604076261941
2025-06-09 13:33:14,13.366871355102568
2025-06-09 13:33:22,13.385530899670087
2025-06-09 13:33:31,13.35589269129489
2025-06-09 13:33:39,13.366998541694223
2025-06-09 13:33:48,13.3455667384087
2025-06-09 13:33:56,13.343141466426918
2025-06-09 13:34:04,13.374104677208958
2025-06-09 13:34:13,13.356804398067311
2025-06-09 13:34:21,13.356448577392232
2025-06-09 13:34:30,13.362177936011644
2025-06-09 13:34:38,13.307216845292665
2025-06-09 13:34:46,13.336939773141808
2025-06-09 13:34:55,13.297934886208594
2025-06-09 13:35:03,13.342995105369315
2025-06-09 13:35:12,13.302179539923205
2025-06-09 13:35:20,13.305836673136888
2025-06-09 13:35:28,13.289847573352919
2025-06-09 13:35:37,13.254411167043571
2025-06-09 13:35:45,13.281008670828552
2025-06-09 13:35:53,13.257767093846265
2025-06-09 13:36:02,13.278651709426349
2025-06-09 13:36:10,13.274977776099174
2025-06-09 13:36:19,13.281911867056841
2025-06-09 13:36:27,13.244854076372988
2025-06-09 13:36:35,13.224430095628431
2025-06-09 13:36:44,13.214923028630647
2025-06-09 13:36:52,13.217582927594101
2025-06-09 13:37:01,13.21259330666172
2025-06-09 13:37:09,13.203988932081561
2025-06-09 13:37:17,13.184929633324288
2025-06-09 13:37:26,13.161740586285685
2025-06-09 13:37:34,13.155396120108644
2025-06-09 13:37:43,13.143403849329918
2025-06-09 13:37:51,13.154576105189207
2025-06-09 13:37:59,13.135570531979408
2025-06-09 13:38:08,13.130912459447249
2025-06-09 13:38:16,13.111487444711234
2025-06-09 13:38:25,13.127923176068709
2025-06-09 13:38:33,13.09161797551377
2025-06-09 13:38:41,13.102899144593234
2025-06-09 13:38:50,13.069460163636414
2025-06-09 13:38:58,13.075920615657605
2025-06-09 13:39:07,13.040367836468356
2025-06-09 13:39:15,13.058769203186188
2025-06-09 13:39:23,13.072029473111055
2025-06-09 13:39:32,13.06274536610037
2025-06-09 13:39:40,13.053590160534196
2025-06-09 13:39:48,13.086140447032381
2025-06-09 13:39:57,13.046166578885632
2025-06-09 13:40:05,13.073353443887449
2025-06-09 13:40:14,13.059718067506395
2025-06-09 13:40:22,13.097619491740279
2025-06-09 13:40:31,13.045855489566708
2025-06-09 13:40:39,13.045123133995812
2025-06-09 13:40:47,13.090643321398932
2025-06-09 13:40:56,13.080673344859584
2025-06-09 13:41:04,13.087063672302197
2025-06-09 13:41:13,13.080901856832831
2025-06-09 13:41:21,13.090951966399754
2025-06-09 13:41:29,13.078780934431588
2025-06-09 13:41:38,13.09277427712814
2025-06-09 13:41:46,13.09968648467678
2025-06-09 13:41:54,13.09355645902544
2025-06-09 13:42:03,13.116683266386296
2025-06-09 13:42:11,13.096453494733808
2025-06-09 13:42:20,13.119356073544733
2025-06-09 13:42:28,13.098281976769954
2025-06-09 13:42:36,13.092189662084582
2025-06-09 13:42:45,13.104440693419829
2025-06-09 13:42:53,13.1010334621831
2025-06-09 13:43:02,13.110535346907849
2025-06-09 13:43:10,13.119172192231076
2025-06-09 13:43:18,13.07816795615264
2025-06-09 13:43:27,13.107233351071105
2025-06-09 13:43:35,13.132598131354335
2025-06-09 13:43:44,13.118891156203283
2025-06-09 13:43:52,13.128668341869922
2025-06-09 13:44:00,13.087479224969446
2025-06-09 13:44:09,13.088145809161919
2025-06-09 13:44:17,13.10004687762725
2025-06-09 13:44:25,13.112672371831959
2025-06-09 13:44:34,13.121180719253573
2025-06-09 13:44:42,13.109365080965809
2025-06-09 13:44:51,13.100528679375913
2025-06-09 13:44:59,13.113075693245285
2025-06-09 13:45:07,13.126283331335358
2025-06-09 13:45:16,13.073846838951056
2025-06-09 13:45:24,13.095899191415043
2025-06-09 13:45:33,13.077884063274077
2025-06-09 13:45:41,13.090812066697165
2025-06-09 13:45:49,13.071810153382472
2025-06-09 13:45:58,13.088639378063949
2025-06-09 13:46:06,13.057693462156909
2025-06-09 13:46:15,13.038648902783379
2025-06-09 13:46:23,13.015736447091765
2025-06-09 13:46:31,13.042559273833799
2025-06-09 13:46:40,13.02552731218372
2025-06-09 13:46:48,13.033274217832716
2025-06-09 13:46:57,13.04366930411128
2025-06-09 13:47:05,13.018921148660048
2025-06-09 13:47:13,13.015889427381687
2025-06-09 13:47:22,13.029035833256373
2025-06-09 13:47:30,12.989264307020443
2025-06-09 13:47:38,12.967330871121101
2025-06-09 13:47:47,12.997043302752491
2025-06-09 13:47:55,12.949350584583705
2025-06-09 13:48:04,12.933055890845187
2025-06-09 13:48:12,12.975208766026624
2025-06-09 13:48:20,12.912235123191108
2025-06-09 13:48:29,12.948465993607568
2025-06-09 13:48:37,12.902039960154884
2025-06-09 13:48:46,12.900115048755671
2025-06-09 13:48:54,12.918297926171117
2025-06-09 13:49:02,12.894187820984405
2025-06-09 13:49:11,12.883046428872396
2025-06-09 13:49:19,12.913102567293837
2025-06-09 13:49:28,12.931637111484042
2025-06-09 13:49:36,12.91119532310797
2025-06-09 13:49:44,12.917214971923892
2025-06-09 13:49:53,12.917081445507861
2025-06-09 13:50:01,12.907159664392722
2025-06-09 13:50:10,12.92828132727121
2025-06-09 13:50:18,12.939629792828077
2025-06-09 13:50:26,12.947698513283175
2025-06-09 13:50:35,12.934682658933976
2025-06-09 13:50:43,12.96439080973148
2025-06-09 13:50:52,12.965592211979931
2025-06-09 13:51:00,13.026788468167794
2025-06-09 13:51:08,12.98453596769145
2025-06-09 13:51:17,12.972919946665773
2025-06-09 13:51:25,12.993245413904186
2025-06-09 13:51:34,13.007438422323677
2025-06-09 13:51:42,13.003448316728576
2025-06-09 13:51:50,13.036745512012331
2025-06-09 13:51:59,12.982002298476903
2025-06-09 13:52:07,13.079753926977958
2025-06-09 13:52:16,13.04451375246743
2025-06-09 13:52:24,13.079677822466085
2025-06-09 13:52:32,13.072914898088897
2025-06-09 13:52:41,13.067376529798853
2025-06-09 13:52:49,13.129912497410057
2025-06-09 13:52:57,13.056637924528815
2025-06-09 13:53:06,13.118500736135736
2025-06-09 13:53:14,13.150386700826672
2025-06-09 13:53:23,13.140168464707532
2025-06-09 13:53:31,13.125499967378172
2025-06-09 13:53:39,13.139142656783946
2025-06-09 13:53:48,13.16997888925048
2025-06-09 13:53:56,13.162694561140498
2025-06-09 13:54:05,13.17893007212745
2025-06-09 13:54:13,13.162521730884535
2025-06-09 13:54:21,13.198769566446792
2025-06-09 13:54:30,13.1841583189493
2025-06-09 13:54:38,13.181846321848152
2025-06-09 13:54:47,13.199021729825326
2025-06-09 13:54:55,13.209802849719413
2025-06-09 13:55:03,13.176874528449911
2025-06-09 13:55:12,13.218330543296762
2025-06-09 13:55:20,13.189876410406121
2025-06-09 13:55:29,13.236677360860316
2025-06-09 13:55:37,13.231149937538667
2025-06-09 13:55:45,13.218610516103343
2025-06-09 13:55:54,13.201447139033963
2025-06-09 13:56:02,13.20991689392724
2025-06-09 13:56:10,13.210368583697623
2025-06-09 13:56:19,13.246049861723161
2025-06-09 13:56:27,13.20920217355518
2025-06-09 13:56:36,13.219573396131342
2025-06-09 13:56:44,13.25619388082594
2025-06-09 13:56:52,13.259417569970417
2025-06-09 13:57:01,13.249592171074354
2025-06-09 13:57:09,13.212579510998157
2025-06-09 13:57:18,13.256898540461467
2025-06-09 13:57:26,13.240384612209727
2025-06-09 13:57:34,13.222484834869299
2025-06-09 13:57:43,13.251503108174063
2025-06-09 13:57:51,13.22217411245062
2025-06-09 13:58:00,13.213499756389474
2025-06-09 13:58:08,13.21751078935629
2025-06-09 13:58:16,13.200234665458002
2025-06-09 13:58:25,13.220289978060489
2025-06-09 13:58:33,13.201715076837868
2025-06-09 13:58:42,13.207483016342657
2025-06-09 13:58:50,13.167680019878489
2025-06-09 13:58:58,13.223580736675519
2025-06-09 13:59:07,13.19948527210007
2025-06-09 13:59:15,13.22198655323631
2025-06-09 13:59:23,13.191740640797114
2025-06-09 13:59:32,13.16182245687752
2025-06-09 13:59:40,13.21068975393797
2025-06-09 13:59:49,13.179310643701125
2025-06-09 13:59:57,13.203163567216325
2025-06-09 14:00:06,13.154566443480533
2025-06-09 14:00:14,13.200499447964514
2025-06-09 14:00:22,13.190821795299382
2025-06-09 14:00:31,13.18738722333136
2025-06-09 14:00:39,13.136491570663068
2025-06-09 14:00:47,13.166610462803725
2025-06-09 14:00:56,13.169505359829468
2025-06-09 14:01:04,13.137038297155456
2025-06-09 14:01:13,13.143050303254771
2025-06-09 14:01:21,13.141091860414576
2025-06-09 14:01:29,13.154853105772265
2025-06-09 14:01:38,13.141435950090571
2025-06-09 14:01:46,13.126620946100335
2025-06-09 14:01:55,13.15244625136679
2025-06-09 14:02:03,13.12980308212465
2025-06-09 14:02:11,13.131682060184094
2025-06-09 14:02:20,13.097945737503895
2025-06-09 14:02:28,13.162575756488618
2025-06-09 14:02:37,13.103208213337627
2025-06-09 14:02:45,13.082282533884051
2025-06-09 14:02:53,13.087168677648751
2025-06-09 14:03:02,13.100931688652441
2025-06-09 14:03:10,13.10449683311829
2025-06-09 14:03:19,13.074387338096585
2025-06-09 14:03:27,13.083337086445589
2025-06-09 14:03:35,13.07105897166074
2025-06-09 14:03:44,13.054860931304724
2025-06-09 14:03:52,13.069910226195667
2025-06-09 14:04:00,13.036341332689553
2025-06-09 14:04:09,13.071487110390432
2025-06-09 14:04:17,13.012991177181117
2025-06-09 14:04:26,13.058456521127521
2025-06-09 14:04:34,13.018604085232187
2025-06-09 14:04:42,13.030300527847228
2025-06-09 14:04:51,13.040231740537585
2025-06-09 14:04:59,12.963859535075407
2025-06-09 14:05:08,12.99896411985214
2025-06-09 14:05:16,12.973193161509212
2025-06-09 14:05:24,12.958129894137624
2025-06-09 14:05:33,13.020545782117168
2025-06-09 14:05:41,12.992939143650474
2025-06-09 14:05:50,12.991495336244125
2025-06-09 14:05:58,12.967560439697598
2025-06-09 14:06:06,12.981145370545677
2025-06-09 14:06:15,12.962707237598575
2025-06-09 14:06:23,12.938127142977828
2025-06-09 14:06:31,12.92419875209771
2025-06-09 14:06:40,12.916370426143605
2025-06-09 14:06:48,12.92522065184672
2025-06-09 14:06:57,12.941351979569115
2025-06-09 14:07:05,12.961250689430294
2025-06-09 14:07:13,12.970095149201986
2025-06-09 14:07:22,12.915137887054232
2025-06-09 14:07:30,12.916230744632411
2025-06-09 14:07:39,12.916752915779126
2025-06-09 14:07:47,12.919883997435567
2025-06-09 14:07:55,12.91669286134239
2025-06-09 14:08:04,12.8833229840429
2025-06-09 14:08:12,12.915803294990129
2025-06-09 14:08:21,12.89716764963297
2025-06-09 14:08:29,12.913291781727745
2025-06-09 14:08:37,12.910779924018545
2025-06-09 14:08:46,12.878055344369237
2025-06-09 14:08:54,12.896798030304096
2025-06-09 14:09:03,12.916381166592634
2025-06-09 14:09:11,12.924565342909748
2025-06-09 14:09:19,12.917661309884846
2025-06-09 14:09:28,12.908603247156547
2025-06-09 14:09:36,12.851164779871157
2025-06-09 14:09:45,12.91636404904976
2025-06-09 14:09:53,12.908148889749453
2025-06-09 14:10:01,12.873124212088221
2025-06-09 14:10:10,12.901772983206392
2025-06-09 14:10:18,12.918527905573638
2025-06-09 14:10:27,12.90162567556331
2025-06-09 14:10:35,12.938656320190862
2025-06-09 14:10:43,12.89549279112474
2025-06-09 14:10:52,12.889741483334282
2025-06-09 14:11:00,12.911566858291561
2025-06-09 14:11:08,12.890084643368086
2025-06-09 14:11:17,12.874684916663057
2025-06-09 14:11:25,12.912066104038914
2025-06-09 14:11:34,12.885972790968028
2025-06-09 14:11:42,12.90982577271019
2025-06-09 14:11:50,12.92892946297985
2025-06-09 14:11:59,12.911191974869602
2025-06-09 14:12:07,12.879496327638448
2025-06-09 14:12:16,12.925703912797074
2025-06-09 14:12:24,12.93309839483465
2025-06-09 14:12:32,12.892317583400066
2025-06-09 14:12:41,12.906476294062475
2025-06-09 14:12:49,12.914229361297298
2025-06-09 14:12:58,12.915941650447392
2025-06-09 14:13:06,12.899571179079075
2025-06-09 14:13:14,12.892612178123393
2025-06-09 14:13:23,12.915008033648958
2025-06-09 14:13:31,12.922964628811911
2025-06-09 14:13:40,12.906229828159203
2025-06-09 14:13:48,12.910283639610812
2025-06-09 14:13:56,12.887619503300096
2025-06-09 14:14:05,12.919852772661901
2025-06-09 14:14:13,12.907003921123676
2025-06-09 14:14:22,12.91548675403299
2025-06-09 14:14:30,12.913106050093356
2025-06-09 14:14:38,12.893375117683162
2025-06-09 14:14:47,12.920831363939227
2025-06-09 14:14:55,12.913016203320188
2025-06-09 14:15:04,12.91665383613426
2025-06-09 14:15:12,12.905651969105485
2025-06-09 14:15:20,12.922640018844422
2025-06-09 14:15:29,12.925529545758925
2025-06-09 14:15:37,12.922137303069375
2025-06-09 14:15:45,12.89032418348395
2025-06-09 14:15:54,12.931299479922945
2025-06-09 14:16:02,12.91932487593679
2025-06-09 14:16:11,12.913767270687227
2025-06-09 14:16:19,12.895923684438308
2025-06-09 14:16:27,12.902162961926471
2025-06-09 14:16:36,12.905541992504832
2025-06-09 14:16:44,12.918771126682493
2025-06-09 14:16:53,12.929375386835522
2025-06-09 14:17:01,12.992699942247398
2025-06-09 14:17:09,12.946793186574606
2025-06-09 14:17:18,12.96039005571614
2025-06-09 14:17:26,13.012499880131664
2025-06-09 14:17:35,13.034260248487389
2025-06-09 14:17:43,13.024049019394432
2025-06-09 14:17:51,13.07607569366704
2025-06-09 14:18:00,13.047957176881333
2025-06-09 14:18:08,13.10455062796892
2025-06-09 14:18:17,13.058102439929563
2025-06-09 14:18:25,13.084178632519066
2025-06-09 14:18:33,13.103035446739998
2025-06-09 14:18:42,13.110123496708173
2025-06-09 14:18:50,13.12653438083218
2025-06-09 14:18:59,13.12786700063192
2025-06-09 14:19:07,13.16134221815716
2025-06-09 14:19:15,13.193916914693279
2025-06-09 14:19:24,13.233952244927234
2025-06-09 14:19:32,13.163870570670394
2025-06-09 14:19:40,13.25796737082156
2025-06-09 14:19:49,13.241522739285301
2025-06-09 14:19:57,13.230441342677828
2025-06-09 14:20:06,13.239283756907788
2025-06-09 14:20:14,13.325404467015645
2025-06-09 14:20:22,13.327023884557128
2025-06-09 14:20:31,13.33973999442755
2025-06-09 14:20:39,13.322805240509155
2025-06-09 14:20:48,13.302619488692716
2025-06-09 14:20:56,13.343113551873437
2025-06-09 14:21:04,13.33566516737324
2025-06-09 14:21:13,13.376831741974193
2025-06-09 14:21:21,13.39399158964643
2025-06-09 14:21:30,13.376991132130204
2025-06-09 14:21:38,13.398216915177539
2025-06-09 14:21:46,13.395760894801448
2025-06-09 14:21:55,13.39475809040415
2025-06-09 14:22:03,13.403614162765724
2025-06-09 14:22:12,13.436410987935329
2025-06-09 14:22:20,13.434206090017309
2025-06-09 14:22:28,13.435354417869323
2025-06-09 14:22:37,13.443595124637177
2025-06-09 14:22:45,13.451888505634376
2025-06-09 14:22:54,13.461419316161209
2025-06-09 14:23:02,13.456025268396832
2025-06-09 14:23:10,13.447805620211813
2025-06-09 14:23:19,13.472685574092228
2025-06-09 14:23:27,13.503447771251814
2025-06-09 14:23:35,13.50787730419588
2025-06-09 14:23:44,13.525362618640955
2025-06-09 14:23:52,13.551874177321306
2025-06-09 14:24:01,13.505167671029191
2025-06-09 14:24:09,13.471578226739762
2025-06-09 14:24:18,13.544320448082406
2025-06-09 14:24:27,13.593392648765494
2025-06-09 14:24:35,13.63965695841349
2025-06-09 14:24:44,13.600601450293293
2025-06-09 14:24:53,13.549012217976298
2025-06-09 14:25:02,13.605644845681791
2025-06-09 14:25:11,13.601407983266082
2025-06-09 14:25:20,13.659182919845641
2025-06-09 14:25:29,13.599050853640144
2025-06-09 14:25:39,13.632939505602522
2025-06-09 14:25:48,13.63797216865176
2025-06-09 14:25:58,13.647632695110762
2025-06-09 14:26:08,13.655937701841097
2025-06-09 14:26:19,13.658603438381032
2025-06-09 14:26:29,13.707257024661665
2025-06-09 14:26:39,13.676970170844768
2025-06-09 14:26:49,13.64778970978476
2025-06-09 14:26:58,13.689410138126412
2025-06-09 14:27:08,13.69278243997757
2025-06-09 14:27:17,13.757472149113728
2025-06-09 14:27:26,13.694386919859703
2025-06-09 14:27:35,13.667315703488335
2025-06-09 14:27:44,13.686562728720826
2025-06-09 14:27:53,13.690200557033005
2025-06-09 14:28:01,13.732984641638708
2025-06-09 14:28:10,13.716434436332804
2025-06-09 14:28:19,13.699415439002294
2025-06-09 14:28:27,13.682046636108364
2025-06-09 14:28:36,13.686818513189948
2025-06-09 14:28:44,13.676435113953001
2025-06-09 14:28:53,13.679878215079071
2025-06-09 14:29:01,13.677654174224603
2025-06-09 14:29:09,13.68606355718778
2025-06-09 14:29:18,13.693848179584567
2025-06-09 14:29:26,13.68973021467486
2025-06-09 14:29:35,13.684835573292265
2025-06-09 14:29:43,13.657161660647443
2025-06-09 14:29:51,13.690115251277039
2025-06-09 14:30:00,13.685690261789695
2025-06-09 14:30:08,13.697693205358203
2025-06-09 14:30:17,13.69773598036035
2025-06-09 14:30:25,13.667058744186143
2025-06-09 14:30:33,13.667020984593066
2025-06-09 14:30:42,13.665426999255143
2025-06-09 14:30:50,13.58956940586151
2025-06-09 14:30:59,13.633718472445537
2025-06-09 14:31:07,13.656403028359733
2025-06-09 14:31:15,13.583543249042798
2025-06-09 14:31:24,13.571311779758702
2025-06-09 14:31:32,13.529227855234833
2025-06-09 14:31:41,13.541535498179304
2025-06-09 14:31:49,13.47418909620297
2025-06-09 14:31:57,13.484297071976428
2025-06-09 14:32:06,13.448278047013488
2025-06-09 14:32:14,13.48075441200914
2025-06-09 14:32:23,13.418274533391642
2025-06-09 14:32:31,13.41674653167846
2025-06-09 14:32:39,13.414222247214258
2025-06-09 14:32:48,13.343422507295763
2025-06-09 14:32:56,13.31598311581159
2025-06-09 14:33:05,13.339481415029042
2025-06-09 14:33:13,13.308786616242863
2025-06-09 14:33:21,13.308161206973644
2025-06-09 14:33:30,13.281512157145965
2025-06-09 14:33:38,13.294224749390992
2025-06-09 14:33:46,13.288083928319516
2025-06-09 14:33:55,13.292970996997703
2025-06-09 14:34:03,13.245465283376824
2025-06-09 14:34:12,13.244039654752115
2025-06-09 14:34:20,13.26916818940279
2025-06-09 14:34:28,13.258317160293476
2025-06-09 14:34:37,13.232860951431032
2025-06-09 14:34:45,13.226535669155634
2025-06-09 14:34:54,13.253492057054281
2025-06-09 14:35:02,13.291792254658908
2025-06-09 14:35:11,13.240838613468874
2025-06-09 14:35:19,13.231893596975734
2025-06-09 14:35:27,13.250602633241684
2025-06-09 14:35:36,13.264361542326164
2025-06-09 14:35:44,13.229212980494449
2025-06-09 14:35:52,13.195318468887493
2025-06-09 14:36:01,13.250148592841636
2025-06-09 14:36:09,13.221371661881932
2025-06-09 14:36:18,13.203632643347245
2025-06-09 14:36:26,13.186314610219942
2025-06-09 14:36:34,13.208236427038191
2025-06-09 14:36:43,13.173397198274774
2025-06-09 14:36:51,13.179797394885075
2025-06-09 14:37:00,13.166672768081412
2025-06-09 14:37:08,13.116297805151174
2025-06-09 14:37:16,13.13157392029332
2025-06-09 14:37:25,13.103475693308393
2025-06-09 14:37:33,13.105297067506267
2025-06-09 14:37:42,13.054968174585
2025-06-09 14:37:50,13.057957119720847
2025-06-09 14:37:58,13.067429689736926
2025-06-09 14:38:07,13.052033675110987
2025-06-09 14:38:15,13.036131784933392
2025-06-09 14:38:24,12.998455524768131
2025-06-09 14:38:32,13.000853969592566
2025-06-09 14:38:40,12.986897587727348
2025-06-09 14:38:49,13.008105566442115
2025-06-09 14:38:57,12.97652908160863
2025-06-09 14:39:05,12.976862063732238
2025-06-09 14:39:14,12.909017685395375
2025-06-09 14:39:22,12.915835375623924
2025-06-09 14:39:31,12.92216785165593
2025-06-09 14:39:39,12.936071834959598
2025-06-09 14:39:47,12.895221553454068
2025-06-09 14:39:56,12.898874374540448
2025-06-09 14:40:04,12.887820483789309
2025-06-09 14:40:13,12.894851857951393
2025-06-09 14:40:21,12.84035346511728
2025-06-09 14:40:29,12.862127511534272
2025-06-09 14:40:38,12.891224666117244
2025-06-09 14:40:46,12.883579775822868
2025-06-09 14:40:55,12.90105282228619
2025-06-09 14:41:03,12.873293139740996
2025-06-09 14:41:11,12.888138955813949
2025-06-09 14:41:20,12.872242933790517
2025-06-09 14:41:28,12.900884621186487
2025-06-09 14:41:37,12.893187892841839
2025-06-09 14:41:45,12.887868615055227
2025-06-09 14:41:53,12.919468937966984
2025-06-09 14:42:02,12.926256762613933
2025-06-09 14:42:10,12.899632206545162
2025-06-09 14:42:19,12.896940421303865
2025-06-09 14:42:27,12.903510337503379
2025-06-09 14:42:35,12.927823370023212
2025-06-09 14:42:44,12.934496007688129
2025-06-09 14:42:52,12.933232304462068
2025-06-09 14:43:00,12.97331194492918
2025-06-09 14:43:09,12.977382249529395
2025-06-09 14:43:17,12.992799625048328
2025-06-09 14:43:26,13.021389548703429
2025-06-09 14:43:34,13.053101507739282
2025-06-09 14:43:42,13.097032140232734
2025-06-09 14:43:51,13.088727952147217
2025-06-09 14:43:59,13.159690124301893
2025-06-09 14:44:08,13.159114272260734
2025-06-09 14:44:16,13.165968575755866
2025-06-09 14:44:24,13.20903549337428
2025-06-09 14:44:33,13.237678119364332
2025-06-09 14:44:41,13.254265771303778
2025-06-09 14:44:50,13.288621540437283
2025-06-09 14:44:58,13.355583983277953
2025-06-09 14:45:06,13.340296798372226
2025-06-09 14:45:15,13.389244349793273
2025-06-09 14:45:23,13.441033652859847
2025-06-09 14:45:32,13.476565345590185
2025-06-09 14:45:40,13.504745936660168
2025-06-09 14:45:48,13.52216699981491
2025-06-09 14:45:57,13.49867690234979
2025-06-09 14:46:05,13.541073185716826
2025-06-09 14:46:13,13.54531568076392
2025-06-09 14:46:22,13.551350633981116
2025-06-09 14:46:30,13.57741583963503
2025-06-09 14:46:39,13.519333406841017
2025-06-09 14:46:47,13.5268699615068
2025-06-09 14:46:55,13.564850897949064
2025-06-09 14:47:04,13.53409461436734
2025-06-09 14:47:12,13.55168020346995
2025-06-09 14:47:21,13.517027311072301
2025-06-09 14:47:29,13.477788255003961
2025-06-09 14:47:37,13.504480050466938
2025-06-09 14:47:46,13.512575299754719
2025-06-09 14:47:54,13.491524498052843
2025-06-09 14:48:03,13.470623428682007
2025-06-09 14:48:11,13.50869753889939
2025-06-09 14:48:19,13.491888537746988
2025-06-09 14:48:28,13.482159909894584
2025-06-09 14:48:36,13.488541581697667
2025-06-09 14:48:45,13.493376037530748
2025-06-09 14:48:53,13.49731117961699
2025-06-09 14:49:01,13.494756738190159
2025-06-09 14:49:10,13.49588253336021
2025-06-09 14:49:18,13.513648399684772
2025-06-09 14:49:26,13.478625647261016
2025-06-09 14:49:35,13.509106171026541
2025-06-09 14:49:43,13.48776860086737
2025-06-09 14:49:52,13.47242660914107
2025-06-09 14:50:00,13.492373392757465
2025-06-09 14:50:08,13.478135720664213
2025-06-09 14:50:17,13.51166643386157
2025-06-09 14:50:25,13.467807084655394
2025-06-09 14:50:34,13.546737806063216
2025-06-09 14:50:42,13.47379041439115
2025-06-09 14:50:50,13.534973898053579
2025-06-09 14:50:59,13.519558094995766
2025-06-09 14:51:07,13.49430949602679
2025-06-09 14:51:16,13.52069098206628
2025-06-09 14:51:24,13.506803564371424
2025-06-09 14:51:32,13.521255482974258
2025-06-09 14:51:41,13.50914826569127
2025-06-09 14:51:49,13.5047400851107
2025-06-09 14:51:58,13.50480891691117
2025-06-09 14:52:06,13.535213747011884
2025-06-09 14:52:14,13.506819697400353
2025-06-09 14:52:23,13.48803567798382
2025-06-09 14:52:31,13.460787993025342
2025-06-09 14:52:39,13.50809381427526
2025-06-09 14:52:48,13.487878330475219
2025-06-09 14:52:56,13.454245910476804
2025-06-09 14:53:05,13.439889306771356
2025-06-09 14:53:13,13.427622843735318
2025-06-09 14:53:21,13.429272017775869
2025-06-09 14:53:30,13.393640547410591
2025-06-09 14:53:38,13.410619952312754
2025-06-09 14:53:47,13.336112093610431
2025-06-09 14:53:55,13.347140576587183
2025-06-09 14:54:03,13.321003728101886
2025-06-09 14:54:12,13.272012170101295
2025-06-09 14:54:20,13.240556895748927
2025-06-09 14:54:29,13.253081771239835
2025-06-09 14:54:37,13.235840125308258
2025-06-09 14:54:45,13.19854715884287
2025-06-09 14:54:54,13.165396011243228
2025-06-09 14:55:02,13.162341380681227
2025-06-09 14:55:11,13.10524763705806
2025-06-09 14:55:19,13.091023473595726
2025-06-09 14:55:27,13.07911306551248
2025-06-09 14:55:36,13.079111196383689
2025-06-09 14:55:44,13.025629239727355
2025-06-09 14:55:52,13.029077146533929
2025-06-09 14:56:01,13.03068109670555
2025-06-09 14:56:09,12.950370896638493
2025-06-09 14:56:18,12.969676305552833
2025-06-09 14:56:26,12.911348118690448
2025-06-09 14:56:34,12.941804668794466
2025-06-09 14:56:43,12.903439944779452
2025-06-09 14:56:51,12.882247806916343
2025-06-09 14:57:00,12.864867654613755
2025-06-09 14:57:08,12.871166978345869
2025-06-09 14:57:16,12.887660964208873
2025-06-09 14:57:25,12.86288590840504
2025-06-09 14:57:33,12.863776472389278
2025-06-09 14:57:42,12.878518324907109
2025-06-09 14:57:50,12.868487600617993
2025-06-09 14:57:58,12.849348347779177
2025-06-09 14:58:07,12.861594881894435
2025-06-09 14:58:15,12.861374846264477
2025-06-09 14:58:24,12.856929430307288
2025-06-09 14:58:32,12.88295701155206
2025-06-09 14:58:40,12.823268655380733
2025-06-09 14:58:49,12.838833290045413
2025-06-09 14:58:57,12.880645270560844
2025-06-09 14:59:05,12.887229921476878
2025-06-09 14:59:14,12.900421097081367
2025-06-09 14:59:22,12.92194677976856
2025-06-09 14:59:31,12.919920696572023
2025-06-09 14:59:39,13.007204759848467
2025-06-09 14:59:47,12.98121307963897
2025-06-09 14:59:56,12.9954129122
2025-06-09 15:00:04,13.021282740859359
2025-06-09 15:00:13,13.03300948435929
2025-06-09 15:00:21,13.081168614794127
2025-06-09 15:00:29,13.076398214292542
2025-06-09 15:00:38,13.11256447154086
2025-06-09 15:00:46,13.103326160328582
2025-06-09 15:00:55,13.130902482782552
2025-06-09 15:01:03,13.142317006276183
2025-06-09 15:01:11,13.16631397094254
2025-06-09 15:01:20,13.147815094640734
2025-06-09 15:01:28,13.181094162188291
2025-06-09 15:01:37,13.202131293509055
2025-06-09 15:01:45,13.203104379088568
2025-06-09 15:01:53,13.216521076762163
2025-06-09 15:02:02,13.213825674519484
2025-06-09 15:02:10,13.214117846382635
2025-06-09 15:02:19,13.193443337345517
2025-06-09 15:02:27,13.252523882289548
2025-06-09 15:02:35,13.215328054530485
2025-06-09 15:02:44,13.220534819621182
2025-06-09 15:02:52,13.21555856287366
2025-06-09 15:03:00,13.21774329753201
2025-06-09 15:03:09,13.186600433040212
2025-06-09 15:03:17,13.201570313912566
2025-06-09 15:03:26,13.189581092585858
2025-06-09 15:03:34,13.205631155101038
2025-06-09 15:03:42,13.197161535527105
2025-06-09 15:03:51,13.199814634707067
2025-06-09 15:03:59,13.167260107661118
2025-06-09 15:04:08,13.178427731460971
2025-06-09 15:04:16,13.139908488460009
2025-06-09 15:04:24,13.164869785324147
2025-06-09 15:04:33,13.108358442021014
2025-06-09 15:04:41,13.12010816070483
2025-06-09 15:04:50,13.122040890194015
2025-06-09 15:04:58,13.085656758870332
2025-06-09 15:05:06,13.080761254336768
2025-06-09 15:05:15,13.050578614858807
2025-06-09 15:05:23,13.008641285337422
2025-06-09 15:05:32,13.002747021094756
2025-06-09 15:05:40,13.010079400901862
2025-06-09 15:05:48,13.000304597865558
2025-06-09 15:05:57,12.973510986417804
2025-06-09 15:06:05,12.963440896168377
2025-06-09 15:06:14,12.9545868125107
2025-06-09 15:06:22,12.962397187112728
2025-06-09 15:06:30,12.9174651073367
2025-06-09 15:06:39,12.888672818026096
2025-06-09 15:06:47,12.936844662321102
2025-06-09 15:06:56,12.898447277881044
2025-06-09 15:07:04,12.900776655279001
2025-06-09 15:07:12,12.890844559194917
2025-06-09 15:07:21,12.842284500820101
2025-06-09 15:07:29,12.882195894628836
2025-06-09 15:07:37,12.893914101915447
2025-06-09 15:07:46,12.901339453053032
2025-06-09 15:07:54,12.872315326035242
2025-06-09 15:08:03,12.900416507023667
2025-06-09 15:08:11,12.882589582983064
2025-06-09 15:08:19,12.884006634785129
2025-06-09 15:08:28,12.8729833750659
2025-06-09 15:08:36,12.903406408222562
2025-06-09 15:08:45,12.88236804145511
2025-06-09 15:08:53,12.877765545087142
2025-06-09 15:09:01,12.888259536077424
2025-06-09 15:09:10,12.862468449677074
2025-06-09 15:09:18,12.873395062957307
2025-06-09 15:09:27,12.871928091630153
2025-06-09 15:09:35,12.881970634706823
2025-06-09 15:09:43,12.859878511929754
2025-06-09 15:09:52,12.879278629373472
2025-06-09 15:10:00,12.889839030635127
2025-06-09 15:10:09,12.864769488781182
2025-06-09 15:10:17,12.870290886164302
2025-06-09 15:10:25,12.883466610353524
2025-06-09 15:10:34,12.84468049261418
2025-06-09 15:10:42,12.883847932168127
2025-06-09 15:10:50,12.875337483593
2025-06-09 15:10:59,12.861021021381204
2025-06-09 15:11:07,12.88905939071719
2025-06-09 15:11:16,12.862697885098704
2025-06-09 15:11:24,12.887315841339953
2025-06-09 15:11:32,12.897633874131186
2025-06-09 15:11:41,12.899206298004906
2025-06-09 15:11:49,12.880416414801383
2025-06-09 15:11:58,12.879852665843949
2025-06-09 15:12:06,12.883875226551577
2025-06-09 15:12:14,12.911484843605175
2025-06-09 15:12:23,12.929909710120093
2025-06-09 15:12:31,12.90715038137924
