Datetime,Stat
2025-06-09 12:01:30,260.81509146327153
2025-06-09 12:01:42,260.75541474320926
2025-06-09 12:01:51,260.65720817632973
2025-06-09 12:01:59,260.8496178749483
2025-06-09 12:02:07,260.7758444342762
2025-06-09 12:02:16,260.887774605304
2025-06-09 12:02:24,260.8068728838116
2025-06-09 12:02:33,260.8143115299754
2025-06-09 12:02:41,260.7398403706029
2025-06-09 12:02:49,261.1271063894965
2025-06-09 12:02:58,260.94769054977223
2025-06-09 12:03:06,260.74723907816224
2025-06-09 12:03:14,260.88643263839185
2025-06-09 12:03:23,260.56175806419924
2025-06-09 12:03:31,260.59880401263945
2025-06-09 12:03:40,260.6888148044236
2025-06-09 12:03:48,260.7854013564065
2025-06-09 12:03:56,260.61390546150506
2025-06-09 12:04:05,260.4663457814604
2025-06-09 12:04:13,260.44850097154267
2025-06-09 12:04:22,260.5391511907801
2025-06-09 12:04:30,260.5147598674521
2025-06-09 12:04:38,260.65086459508166
2025-06-09 12:04:47,260.4070852990262
2025-06-09 12:04:55,260.5335815087892
2025-06-09 12:05:04,260.5258176308125
2025-06-09 12:05:12,260.42709245346487
2025-06-09 12:05:20,260.62292642425746
2025-06-09 12:05:29,260.18974020169117
2025-06-09 12:05:37,260.53369242767803
2025-06-09 12:05:46,260.5537713980302
2025-06-09 12:05:54,260.4157649781555
2025-06-09 12:06:02,260.53806544980034
2025-06-09 12:06:11,260.12026683147997
2025-06-09 12:06:19,260.33726044464856
2025-06-09 12:06:28,260.56748709362
2025-06-09 12:06:36,260.26445735944435
2025-06-09 12:06:44,260.53724997024983
2025-06-09 12:06:53,260.60000529233366
2025-06-09 12:07:01,260.3797410973348
2025-06-09 12:07:09,260.2996633751318
2025-06-09 12:07:18,260.4890983053483
2025-06-09 12:07:26,260.634131568484
2025-06-09 12:07:35,260.3692497885786
2025-06-09 12:07:43,260.59489056817256
2025-06-09 12:07:51,260.35739736026153
2025-06-09 12:08:00,260.3857069592923
2025-06-09 12:08:08,260.57899097632617
2025-06-09 12:08:17,260.45316942501813
2025-06-09 12:08:25,260.4537956719287
2025-06-09 12:08:33,260.5047470261343
2025-06-09 12:08:42,260.5228881286457
2025-06-09 12:08:50,260.5767854831647
2025-06-09 12:08:59,260.17647602176294
2025-06-09 12:09:07,260.27121712011285
2025-06-09 12:09:15,260.2270467225462
2025-06-09 12:09:24,260.3582755923271
2025-06-09 12:09:32,260.3058835025877
2025-06-09 12:09:41,260.3443957227282
2025-06-09 12:09:49,260.20314103830606
2025-06-09 12:09:57,260.2681925666984
2025-06-09 12:10:06,260.148299254477
2025-06-09 12:10:14,260.0762303099036
2025-06-09 12:10:23,260.2921559717506
2025-06-09 12:10:31,260.2763032866642
2025-06-09 12:10:39,260.07228057971224
2025-06-09 12:10:48,259.95813547144644
2025-06-09 12:10:56,260.0072985230945
2025-06-09 12:11:05,260.11764824343845
2025-06-09 12:11:13,260.0988436366897
2025-06-09 12:11:21,259.9667307208292
2025-06-09 12:11:30,260.0882081682794
2025-06-09 12:11:38,260.08413316565566
2025-06-09 12:11:46,260.1257822769694
2025-06-09 12:11:55,260.23228362435475
2025-06-09 12:12:03,259.6777821719518
2025-06-09 12:12:12,259.6166755883282
2025-06-09 12:12:20,259.599031552155
2025-06-09 12:12:28,259.6163312442801
2025-06-09 12:12:37,259.6451118110315
2025-06-09 12:12:45,259.72890992219595
2025-06-09 12:12:54,259.5746481244863
2025-06-09 12:13:02,259.74189785528364
2025-06-09 12:13:10,259.6206401300901
2025-06-09 12:13:19,259.39799327196306
2025-06-09 12:13:27,259.62017854401995
2025-06-09 12:13:36,259.6478505086171
2025-06-09 12:13:44,259.5783625708569
2025-06-09 12:13:52,259.66563361686667
2025-06-09 12:14:01,259.8650195730808
2025-06-09 12:14:09,259.66841813985866
2025-06-09 12:14:17,259.69181205323923
2025-06-09 12:14:26,259.7475637773879
2025-06-09 12:14:34,259.6209345139399
2025-06-09 12:14:43,259.56156516998124
2025-06-09 12:14:51,259.6937842915919
2025-06-09 12:14:59,259.5120991058142
2025-06-09 12:15:08,259.4950246534089
2025-06-09 12:15:16,259.5760888334484
2025-06-09 12:15:25,259.60749699440515
2025-06-09 12:15:33,259.814155968911
2025-06-09 12:15:41,259.68398040795057
2025-06-09 12:15:50,259.7388445969282
2025-06-09 12:15:58,259.66272058462494
2025-06-09 12:16:07,259.94558652563364
2025-06-09 12:16:15,259.60758400744896
2025-06-09 12:16:23,259.59836400271286
2025-06-09 12:16:32,259.50100859340847
2025-06-09 12:16:40,259.81851868408745
2025-06-09 12:16:49,259.62255932102914
2025-06-09 12:16:57,259.6638418686416
2025-06-09 12:17:05,259.58714694541754
2025-06-09 12:17:14,259.6543498833067
2025-06-09 12:17:22,259.4852301951681
2025-06-09 12:17:30,259.77027072629636
2025-06-09 12:17:39,259.76117937689344
2025-06-09 12:17:47,259.6850376016142
2025-06-09 12:17:56,259.81720689712097
2025-06-09 12:18:04,259.4994202804057
2025-06-09 12:18:12,259.6626799063512
2025-06-09 12:18:21,259.48677654483004
2025-06-09 12:18:29,259.5308226232981
2025-06-09 12:18:38,259.600078288236
2025-06-09 12:18:46,259.6478484448817
2025-06-09 12:18:54,259.49019811149617
2025-06-09 12:19:03,259.5139677790609
2025-06-09 12:19:11,259.5554343188783
2025-06-09 12:19:20,259.5325537428366
2025-06-09 12:19:28,259.3317870024116
2025-06-09 12:19:36,259.45984100840826
2025-06-09 12:19:45,259.60662747286335
2025-06-09 12:19:53,259.6948228622707
2025-06-09 12:20:02,259.9001524983905
2025-06-09 12:20:10,259.811969285598
2025-06-09 12:20:18,259.7653022115119
2025-06-09 12:20:27,259.7377736167982
2025-06-09 12:20:35,259.61275656241924
2025-06-09 12:20:44,259.80784451263025
2025-06-09 12:20:52,260.0728797093034
2025-06-09 12:21:00,259.79767090268433
2025-06-09 12:21:09,260.00656738551334
2025-06-09 12:21:17,259.8274484905414
2025-06-09 12:21:26,259.9952288372442
2025-06-09 12:21:34,259.8044687709771
2025-06-09 12:21:42,259.9753887357656
2025-06-09 12:21:51,259.973535398487
2025-06-09 12:21:59,259.7733940088656
2025-06-09 12:22:07,259.81639249646105
2025-06-09 12:22:16,260.04609943926334
2025-06-09 12:22:24,259.7211078177206
2025-06-09 12:22:33,259.790165244136
2025-06-09 12:22:41,259.8262579734437
2025-06-09 12:22:49,259.9196915044449
2025-06-09 12:22:58,259.87567162537016
2025-06-09 12:23:06,259.998719047755
2025-06-09 12:23:15,260.0235306455288
2025-06-09 12:23:23,259.7215659311041
2025-06-09 12:23:31,259.76567892124876
2025-06-09 12:23:40,260.08147360617295
2025-06-09 12:23:48,259.92962383525446
2025-06-09 12:23:57,260.09126702090725
2025-06-09 12:24:05,259.63529945909977
2025-06-09 12:24:13,259.8805370484479
2025-06-09 12:24:22,260.01291114650667
2025-06-09 12:24:30,259.80281235813163
2025-06-09 12:24:39,260.0539244594984
2025-06-09 12:24:47,260.1433107906487
2025-06-09 12:24:55,260.1611935631372
2025-06-09 12:25:04,259.7418564972468
2025-06-09 12:25:12,260.1185676814057
2025-06-09 12:25:20,259.977607506793
2025-06-09 12:25:29,259.9714335883036
2025-06-09 12:25:37,259.8170145684853
2025-06-09 12:25:46,260.1868403824046
2025-06-09 12:25:54,259.9105857363902
2025-06-09 12:26:02,260.01941055106
2025-06-09 12:26:11,260.16576453018934
2025-06-09 12:26:19,260.31113959895447
2025-06-09 12:26:28,260.27748197945766
2025-06-09 12:26:36,260.2477536033839
2025-06-09 12:26:44,260.2962942069862
2025-06-09 12:26:53,260.3679343818221
2025-06-09 12:27:01,260.5534568470903
2025-06-09 12:27:10,260.4771180730313
2025-06-09 12:27:18,260.3108627125621
2025-06-09 12:27:26,260.43521783174947
2025-06-09 12:27:35,260.4234028889332
2025-06-09 12:27:43,260.35672612604685
2025-06-09 12:27:52,260.30645575607195
2025-06-09 12:28:00,260.11354102008045
2025-06-09 12:28:08,260.38850316172466
2025-06-09 12:28:17,260.41816302761436
2025-06-09 12:28:25,260.3616731860675
2025-06-09 12:28:33,260.42075741803274
2025-06-09 12:28:42,260.46414780360647
2025-06-09 12:28:50,260.4660812355578
2025-06-09 12:28:59,260.3523840822745
2025-06-09 12:29:07,260.4616324387025
2025-06-09 12:29:15,260.48179580597207
2025-06-09 12:29:24,260.29020167002454
2025-06-09 12:29:32,260.27564038243145
2025-06-09 12:29:41,260.45334623218514
2025-06-09 12:29:49,260.4749463638291
2025-06-09 12:29:57,260.4523599743843
2025-06-09 12:30:06,260.69037925684825
2025-06-09 12:30:14,260.1803934397176
2025-06-09 12:30:23,260.06267709331587
2025-06-09 12:30:31,260.4346813701559
2025-06-09 12:30:39,260.5932864048518
2025-06-09 12:30:48,260.2794639207423
2025-06-09 12:30:56,260.48825613455847
2025-06-09 12:31:05,260.28201320162043
2025-06-09 12:31:13,260.5594595503062
2025-06-09 12:31:21,260.38934615114704
2025-06-09 12:31:30,260.2825529484544
2025-06-09 12:31:38,260.4560954682529
2025-06-09 12:31:47,260.5098050076049
2025-06-09 12:31:55,260.56316440482624
2025-06-09 12:32:03,260.5647668391466
2025-06-09 12:32:12,260.63922110339627
2025-06-09 12:32:20,260.4842952028848
2025-06-09 12:32:29,260.28524457500316
2025-06-09 12:32:37,260.6614484784659
2025-06-09 12:32:45,260.63685253309086
2025-06-09 12:32:54,260.6000012373552
2025-06-09 12:33:02,260.60391849605367
2025-06-09 12:33:11,260.68013334367424
2025-06-09 12:33:19,260.47689531510696
2025-06-09 12:33:27,260.2959385928698
2025-06-09 12:33:36,260.7771870449651
2025-06-09 12:33:44,260.70769068272784
2025-06-09 12:33:52,260.49279485899024
2025-06-09 12:34:01,260.8210857908707
2025-06-09 12:34:09,260.7630748283118
2025-06-09 12:34:18,260.6362033004407
2025-06-09 12:34:26,260.4388884808868
2025-06-09 12:34:34,260.7027530618943
2025-06-09 12:34:43,260.5384609173052
2025-06-09 12:34:51,260.5544296009466
2025-06-09 12:35:00,260.60681118187495
2025-06-09 12:35:08,260.3938772669062
2025-06-09 12:35:16,260.4015446626581
2025-06-09 12:35:25,260.2013755152002
2025-06-09 12:35:33,260.36914929002523
2025-06-09 12:35:42,260.3647069223225
2025-06-09 12:35:50,260.49144310783595
2025-06-09 12:35:58,260.5647070896812
2025-06-09 12:36:07,260.3955546831712
2025-06-09 12:36:15,260.5064641754143
2025-06-09 12:36:24,260.49411883647554
2025-06-09 12:36:32,260.38688774430193
2025-06-09 12:36:40,260.17131198802963
2025-06-09 12:36:49,259.97647610260174
2025-06-09 12:36:57,260.06006011972204
2025-06-09 12:37:05,260.5333388359286
2025-06-09 12:37:14,260.0253127256874
2025-06-09 12:37:22,260.15799321210943
2025-06-09 12:37:31,260.2837149356492
2025-06-09 12:37:39,260.1833360558376
2025-06-09 12:37:47,260.2849699901417
2025-06-09 12:37:56,260.3607897371985
2025-06-09 12:38:04,260.0188250229694
2025-06-09 12:38:13,260.12004629150033
2025-06-09 12:38:21,259.90483164880425
2025-06-09 12:38:29,259.6883801277727
2025-06-09 12:38:38,259.7505699195899
2025-06-09 12:38:46,259.6409423283767
2025-06-09 12:38:55,259.8077840353362
2025-06-09 12:39:03,259.8075619901065
2025-06-09 12:39:11,259.5678224042058
2025-06-09 12:39:20,259.7839735355228
2025-06-09 12:39:28,259.7010649535805
2025-06-09 12:39:37,259.4928159629926
2025-06-09 12:39:45,259.7664137806278
2025-06-09 12:39:53,259.6494013494812
2025-06-09 12:40:02,259.5849671782926
2025-06-09 12:40:10,259.7012017695233
2025-06-09 12:40:19,259.89224279578775
2025-06-09 12:40:27,259.6964371127542
2025-06-09 12:40:35,259.7580191073939
2025-06-09 12:40:44,259.613995783031
2025-06-09 12:40:52,259.6109752790071
2025-06-09 12:41:00,259.85509774810635
2025-06-09 12:41:09,259.75057055661455
2025-06-09 12:41:17,259.603788907174
2025-06-09 12:41:26,259.6597367101349
2025-06-09 12:41:34,259.8007016419433
2025-06-09 12:41:42,259.90170090226457
2025-06-09 12:41:51,259.6791414730251
2025-06-09 12:41:59,259.774057073053
2025-06-09 12:42:08,259.79677213635296
2025-06-09 12:42:16,259.66769142611884
2025-06-09 12:42:24,259.6759615438059
2025-06-09 12:42:33,259.9223585044965
2025-06-09 12:42:41,251.775402686093
2025-06-09 12:42:50,252.10265544755384
2025-06-09 12:42:58,251.9243719256483
2025-06-09 12:43:06,251.88438498252071
2025-06-09 12:43:15,251.76454401551746
2025-06-09 12:43:23,251.88465889776126
2025-06-09 12:43:32,251.88885426195338
2025-06-09 12:43:40,251.90600267611444
2025-06-09 12:43:48,251.7921543775592
2025-06-09 12:43:57,251.5137265669182
2025-06-09 12:44:05,251.68625286454335
2025-06-09 12:44:13,251.85436597792432
2025-06-09 12:44:22,251.83034192258492
2025-06-09 12:44:30,251.7187836379744
2025-06-09 12:44:39,250.27324038511142
2025-06-09 12:44:47,259.2395363706164
2025-06-09 12:44:55,259.5932686100714
2025-06-09 12:45:04,251.3283456542903
2025-06-09 12:45:12,258.90488972510036
2025-06-09 12:45:21,258.6749857263949
2025-06-09 12:45:29,259.0453987989757
2025-06-09 12:45:37,258.96313776602926
2025-06-09 12:45:46,259.1907561007197
2025-06-09 12:45:54,259.163112064437
2025-06-09 12:46:03,259.4916917760427
2025-06-09 12:46:11,259.36108211556086
2025-06-09 12:46:19,259.0586088083222
2025-06-09 12:46:28,259.30416348743785
2025-06-09 12:46:36,259.3268596191067
2025-06-09 12:46:45,259.3060791658328
2025-06-09 12:46:53,258.97408917082066
2025-06-09 12:47:01,259.13471706535233
2025-06-09 12:47:10,259.33236058212583
2025-06-09 12:47:18,259.7756623006426
2025-06-09 12:47:26,259.26684020701447
2025-06-09 12:47:35,259.2437066598351
2025-06-09 12:47:43,259.74330072291195
2025-06-09 12:47:52,259.4444898245856
2025-06-09 12:48:00,259.23497956878896
2025-06-09 12:48:08,259.30814867121296
2025-06-09 12:48:17,259.51164373382926
2025-06-09 12:48:25,259.47219571098685
2025-06-09 12:48:34,259.7480640136637
2025-06-09 12:48:42,259.65250322269276
2025-06-09 12:48:50,259.77165904059075
2025-06-09 12:48:59,259.71981724211946
2025-06-09 12:49:07,259.76078162319027
2025-06-09 12:49:16,259.7977991141379
2025-06-09 12:49:24,259.8258743835613
2025-06-09 12:49:32,259.753885650076
2025-06-09 12:49:41,259.5803933488205
2025-06-09 12:49:49,259.67494368739426
2025-06-09 12:49:58,259.86654643155634
2025-06-09 12:50:06,259.8254004698247
2025-06-09 12:50:14,259.84574563475326
2025-06-09 12:50:23,260.1412214443553
2025-06-09 12:50:31,260.2045272672549
2025-06-09 12:50:39,260.1981030970346
2025-06-09 12:50:48,260.2002373598516
2025-06-09 12:50:56,260.4479634105228
2025-06-09 12:51:05,260.34619083767757
2025-06-09 12:51:13,260.69805208873004
2025-06-09 12:51:21,260.38458503689617
2025-06-09 12:51:30,260.52151967259124
2025-06-09 12:51:38,260.6627422031015
2025-06-09 12:51:47,260.51209010276943
2025-06-09 12:51:55,260.70081582758576
2025-06-09 12:52:03,260.50285325711593
2025-06-09 12:52:12,260.56923108920455
2025-06-09 12:52:20,260.37154026469216
2025-06-09 12:52:29,260.43931330996566
2025-06-09 12:52:37,260.52171112783253
2025-06-09 12:52:45,260.59607980796136
2025-06-09 12:52:54,260.69564987393096
2025-06-09 12:53:02,260.5756289693527
2025-06-09 12:53:10,260.6410051060375
2025-06-09 12:53:19,260.56033479468897
2025-06-09 12:53:27,260.5068622874096
2025-06-09 12:53:36,260.5323431319557
2025-06-09 12:53:44,260.6067193625495
2025-06-09 12:53:52,260.4731757170521
2025-06-09 12:54:01,260.56427656207234
2025-06-09 12:54:09,260.5109303484205
2025-06-09 12:54:18,260.50067576253787
2025-06-09 12:54:26,260.62960538780317
2025-06-09 12:54:34,260.4652121649124
2025-06-09 12:54:43,260.6426072330214
2025-06-09 12:54:51,260.6236371193081
2025-06-09 12:55:00,260.4880786431022
2025-06-09 12:55:08,260.34383192961104
2025-06-09 12:55:16,260.4065329413861
2025-06-09 12:55:25,260.3866927840281
2025-06-09 12:55:33,260.55344056501053
2025-06-09 12:55:42,260.0382194132544
2025-06-09 12:55:50,260.3430099459365
2025-06-09 12:55:58,260.0107724615373
2025-06-09 12:56:07,260.40771771082655
2025-06-09 12:56:15,260.05038569052704
2025-06-09 12:56:23,260.0901973778382
2025-06-09 12:56:32,260.2063762899488
2025-06-09 12:56:40,260.1382226103451
2025-06-09 12:56:49,259.8311352720484
2025-06-09 12:56:57,259.9581399213057
2025-06-09 12:57:05,260.0763340727426
2025-06-09 12:57:14,259.826344930334
2025-06-09 12:57:22,260.1426844440866
2025-06-09 12:57:31,259.9573065992445
2025-06-09 12:57:39,259.9960756606888
2025-06-09 12:57:47,259.91135707637295
2025-06-09 12:57:56,259.8565660538152
2025-06-09 12:58:04,259.60529921087436
2025-06-09 12:58:13,259.7346792370081
2025-06-09 12:58:21,259.95976905338466
2025-06-09 12:58:29,259.56774091208354
2025-06-09 12:58:38,259.8418458327651
2025-06-09 12:58:46,259.6089799825568
2025-06-09 12:58:55,259.6196091687307
2025-06-09 12:59:03,259.53751631686464
2025-06-09 12:59:11,259.70707578444853
2025-06-09 12:59:20,259.5397649144288
2025-06-09 12:59:28,259.3629805999808
2025-06-09 12:59:36,259.4765503620729
2025-06-09 12:59:45,259.49109444906935
2025-06-09 12:59:53,259.46144120325334
2025-06-09 13:00:02,259.491652646102
2025-06-09 13:00:10,259.5725497705862
2025-06-09 13:00:18,259.472003324423
2025-06-09 13:00:27,259.4189290716313
2025-06-09 13:00:35,259.6358472276479
2025-06-09 13:00:44,259.42579200700857
2025-06-09 13:00:52,259.6945521316957
2025-06-09 13:01:00,259.6968420180492
2025-06-09 13:01:09,259.49852671055123
2025-06-09 13:01:17,259.60675649601035
2025-06-09 13:01:26,259.54510310525075
2025-06-09 13:01:34,259.7009049144108
2025-06-09 13:01:42,259.65296429768205
2025-06-09 13:01:51,259.7427715663798
2025-06-09 13:01:59,259.65050461003557
2025-06-09 13:02:08,259.77841294696555
2025-06-09 13:02:16,259.65011579031125
2025-06-09 13:02:24,259.85479667480104
2025-06-09 13:02:33,259.6920795410406
2025-06-09 13:02:41,259.6442993651144
2025-06-09 13:02:50,259.9864694636781
2025-06-09 13:02:58,259.7385203719605
2025-06-09 13:03:06,259.99787201709114
2025-06-09 13:03:15,260.0039230887778
2025-06-09 13:03:23,259.78959925984964
2025-06-09 13:03:32,260.2130521964282
2025-06-09 13:03:40,260.28103022277355
2025-06-09 13:03:48,260.05220846645534
2025-06-09 13:03:57,260.24530349113047
2025-06-09 13:04:05,260.2319679604843
2025-06-09 13:04:13,260.35161256045103
2025-06-09 13:04:22,260.64802831970155
2025-06-09 13:04:30,260.2999546120409
2025-06-09 13:04:39,260.7037238916382
2025-06-09 13:04:47,260.49361283844337
2025-06-09 13:04:55,260.52456500707194
2025-06-09 13:05:04,260.41434261458926
2025-06-09 13:05:12,260.5328136864118
2025-06-09 13:05:21,260.64313443843275
2025-06-09 13:05:29,260.4823095165193
2025-06-09 13:05:37,260.47952645551413
2025-06-09 13:05:46,260.43645224091597
2025-06-09 13:05:54,260.6686789493542
2025-06-09 13:06:03,260.6284306673333
2025-06-09 13:06:11,260.5843110787682
2025-06-09 13:06:19,260.60229164757766
2025-06-09 13:06:28,260.56250794115476
2025-06-09 13:06:36,260.47565708775073
2025-06-09 13:06:45,260.5534570091404
2025-06-09 13:06:53,260.3835831009783
2025-06-09 13:07:01,260.70395837840624
2025-06-09 13:07:10,260.7079957756214
2025-06-09 13:07:18,260.498773727566
2025-06-09 13:07:26,260.629425721243
2025-06-09 13:07:35,260.5825350917876
2025-06-09 13:07:43,259.7146766196204
2025-06-09 13:07:52,259.9274854775738
2025-06-09 13:08:00,259.7849665805174
2025-06-09 13:08:08,259.7317165660204
2025-06-09 13:08:17,259.7390882652314
2025-06-09 13:08:25,259.59976090985845
2025-06-09 13:08:34,259.5210293821873
2025-06-09 13:08:42,259.7662167545246
2025-06-09 13:08:50,259.6442797916893
2025-06-09 13:08:59,259.50981649890093
2025-06-09 13:09:07,259.5208226979799
2025-06-09 13:09:16,259.64951072194947
2025-06-09 13:09:24,259.509859470807
2025-06-09 13:09:32,259.73130271070147
2025-06-09 13:09:41,259.816283755751
2025-06-09 13:09:49,257.93633131088654
2025-06-09 13:09:58,259.744636309457
2025-06-09 13:10:06,257.8459179066701
2025-06-09 13:10:14,258.40136180903977
2025-06-09 13:10:23,258.1814598670779
2025-06-09 13:10:31,258.24893008898675
2025-06-09 13:10:40,258.0022160429964
2025-06-09 13:10:48,257.9114164253565
2025-06-09 13:10:56,258.2441401215192
2025-06-09 13:11:05,258.0321810423047
2025-06-09 13:11:13,258.03932650758406
2025-06-09 13:11:22,257.96969247695415
2025-06-09 13:11:30,258.1945516949594
2025-06-09 13:11:38,257.8074088811244
2025-06-09 13:11:47,257.71385783612516
2025-06-09 13:11:55,257.8337192920466
2025-06-09 13:12:04,257.9528936348678
2025-06-09 13:12:12,257.86709490646416
2025-06-09 13:12:21,259.5683966950305
2025-06-09 13:12:29,257.8691476318565
2025-06-09 13:12:38,259.57129640529985
2025-06-09 13:12:46,257.57950452387354
2025-06-09 13:12:55,259.4811490755394
2025-06-09 13:13:03,257.92986144392387
2025-06-09 13:13:12,257.83340432482635
2025-06-09 13:13:20,259.65146314368576
2025-06-09 13:13:29,259.64238155243356
2025-06-09 13:13:37,259.66929683265937
2025-06-09 13:13:46,259.616772057257
2025-06-09 13:13:54,259.5496144412581
2025-06-09 13:14:03,259.45194371190934
2025-06-09 13:14:11,259.9251894870314
2025-06-09 13:14:20,259.4276094143353
2025-06-09 13:14:28,259.6950872793461
2025-06-09 13:14:37,259.6700353110309
2025-06-09 13:14:45,257.90548139363636
2025-06-09 13:14:54,259.79574949431515
2025-06-09 13:15:02,257.63504668146834
2025-06-09 13:15:10,259.51924675678356
2025-06-09 13:15:19,257.9513203854998
2025-06-09 13:15:27,257.9054127351813
2025-06-09 13:15:36,257.9320650057754
2025-06-09 13:15:44,257.8842622984411
2025-06-09 13:15:52,258.0567325350271
2025-06-09 13:16:01,257.92120612370786
2025-06-09 13:16:09,257.693730207743
2025-06-09 13:16:18,257.92718073656584
2025-06-09 13:16:26,257.90603871158635
2025-06-09 13:16:34,257.90278142384665
2025-06-09 13:16:43,257.8909929581019
2025-06-09 13:16:51,257.8459649437276
2025-06-09 13:16:59,257.91893330328105
2025-06-09 13:17:08,257.7139501087712
2025-06-09 13:17:16,257.9309828150582
2025-06-09 13:17:25,257.8884098464281
2025-06-09 13:17:33,258.0573469082019
2025-06-09 13:17:41,257.8738694907692
2025-06-09 13:17:50,258.2399412382587
2025-06-09 13:17:58,258.04491100479595
2025-06-09 13:18:07,258.27595841756374
2025-06-09 13:18:15,257.85485219730845
2025-06-09 13:18:23,257.6115107899161
2025-06-09 13:18:32,257.72415590287466
2025-06-09 13:18:40,257.80396326525977
2025-06-09 13:18:49,258.0340107566972
2025-06-09 13:18:57,257.7022743109906
2025-06-09 13:19:05,257.58936443399625
2025-06-09 13:19:14,257.82663264853954
2025-06-09 13:19:22,259.8293236570338
2025-06-09 13:19:30,257.80834231202573
2025-06-09 13:19:39,259.5395048033302
2025-06-09 13:19:47,259.5057069952942
2025-06-09 13:19:56,259.49453448491374
2025-06-09 13:20:04,259.63773856108037
2025-06-09 13:20:12,259.42096343629805
2025-06-09 13:20:21,259.6011708215829
2025-06-09 13:20:29,259.3951136849676
2025-06-09 13:20:38,259.7765530637463
2025-06-09 13:20:46,259.4334937669307
2025-06-09 13:20:54,259.45152026548203
2025-06-09 13:21:03,259.34696819587975
2025-06-09 13:21:11,259.6062249482522
2025-06-09 13:21:20,259.7024412055891
2025-06-09 13:21:28,259.7291924873412
2025-06-09 13:21:36,259.65869336655226
2025-06-09 13:21:45,259.60959457555805
2025-06-09 13:21:53,259.6911282999769
2025-06-09 13:22:01,259.8212964502385
2025-06-09 13:22:10,259.5275034688265
2025-06-09 13:22:18,259.45986109822934
2025-06-09 13:22:27,259.39376999625983
2025-06-09 13:22:35,259.44930231881483
2025-06-09 13:22:43,259.60674959899916
2025-06-09 13:22:52,259.18372229545
2025-06-09 13:23:00,259.82888333588227
2025-06-09 13:23:09,259.6278365050263
2025-06-09 13:23:17,259.73995555974227
2025-06-09 13:23:25,259.39208293871195
2025-06-09 13:23:34,259.6063215797684
2025-06-09 13:23:42,259.4558257300984
2025-06-09 13:23:51,259.57036995744556
2025-06-09 13:23:59,259.68665396289447
2025-06-09 13:24:07,259.57756353308065
2025-06-09 13:24:16,259.77560523482606
2025-06-09 13:24:24,259.6258112585257
2025-06-09 13:24:33,259.7175742205733
2025-06-09 13:24:41,259.70314368211285
2025-06-09 13:24:49,259.7114123746433
2025-06-09 13:24:58,259.6687851445573
2025-06-09 13:25:06,259.4543201486215
2025-06-09 13:25:14,259.60502293187136
2025-06-09 13:25:23,259.559912501995
2025-06-09 13:25:31,259.724481261316
2025-06-09 13:25:40,259.7821648265726
2025-06-09 13:25:48,259.69735689585247
2025-06-09 13:25:56,259.44973315733233
2025-06-09 13:26:05,259.68942486892297
2025-06-09 13:26:13,259.6552190776008
2025-06-09 13:26:22,259.6325370327322
2025-06-09 13:26:30,259.4767503359568
2025-06-09 13:26:38,259.6110261461589
2025-06-09 13:26:47,259.7064110659751
2025-06-09 13:26:55,259.59854851038864
2025-06-09 13:27:04,259.48749535499894
2025-06-09 13:27:12,259.7519476435567
2025-06-09 13:27:20,259.7196198655821
2025-06-09 13:27:29,259.66822305131586
2025-06-09 13:27:37,259.62347710315544
2025-06-09 13:27:46,259.50067513153226
2025-06-09 13:27:54,259.3932685716667
2025-06-09 13:28:02,259.71714665120527
2025-06-09 13:28:11,259.5287252931942
2025-06-09 13:28:19,259.5222684239519
2025-06-09 13:28:27,259.7890551771355
2025-06-09 13:28:36,259.5435713324399
2025-06-09 13:28:44,259.4785475027169
2025-06-09 13:28:53,259.546476061831
2025-06-09 13:29:01,259.59284109539954
2025-06-09 13:29:09,259.6631014842013
2025-06-09 13:29:18,259.6045842452072
2025-06-09 13:29:26,259.6470229988465
2025-06-09 13:29:35,259.6541397219425
2025-06-09 13:29:43,259.65441025302283
2025-06-09 13:29:51,259.6419716850395
2025-06-09 13:30:00,259.33956468303325
2025-06-09 13:30:08,259.7003294236064
2025-06-09 13:30:17,259.522639735282
2025-06-09 13:30:25,259.31264752601953
2025-06-09 13:30:33,259.3361939797766
2025-06-09 13:30:42,259.3245114383976
2025-06-09 13:30:50,259.4668216158721
2025-06-09 13:30:59,259.20046440336307
2025-06-09 13:31:07,259.5360522849109
2025-06-09 13:31:15,259.48965960740315
2025-06-09 13:31:24,259.538251649317
2025-06-09 13:31:32,259.51863593048523
2025-06-09 13:31:41,259.2246791531077
2025-06-09 13:31:49,259.4753651481866
2025-06-09 13:31:57,259.16250552903114
2025-06-09 13:32:06,259.77595655021275
2025-06-09 13:32:14,259.33783222479786
2025-06-09 13:32:23,259.4547153946314
2025-06-09 13:32:31,259.50944296532214
2025-06-09 13:32:39,259.28213878342495
2025-06-09 13:32:48,259.47523888347
2025-06-09 13:32:56,259.78400492319383
2025-06-09 13:33:05,259.4233940802062
2025-06-09 13:33:13,259.43897314971196
2025-06-09 13:33:21,259.5899100556837
2025-06-09 13:33:30,259.6103031649713
2025-06-09 13:33:38,259.5920808525097
2025-06-09 13:33:47,259.3177533489155
2025-06-09 13:33:55,259.6979863186291
2025-06-09 13:34:03,259.30756238765343
2025-06-09 13:34:12,259.4089661936829
2025-06-09 13:34:20,259.35470308356065
2025-06-09 13:34:29,259.38771668093386
2025-06-09 13:34:37,259.35232853579816
2025-06-09 13:34:45,259.38381426108583
2025-06-09 13:34:54,259.2743394302863
2025-06-09 13:35:02,259.4561255985658
2025-06-09 13:35:10,259.5130318354827
2025-06-09 13:35:19,259.1652498379398
2025-06-09 13:35:27,259.6098032847092
2025-06-09 13:35:36,259.39148267242535
2025-06-09 13:35:44,259.4364211404872
2025-06-09 13:35:52,259.520274191071
2025-06-09 13:36:01,259.36564718835893
2025-06-09 13:36:09,259.5080076782702
2025-06-09 13:36:18,259.3140038585458
2025-06-09 13:36:26,259.5923347691086
2025-06-09 13:36:34,259.35306118392594
2025-06-09 13:36:43,259.3968371812089
2025-06-09 13:36:51,259.51078925430375
2025-06-09 13:37:00,259.2893660911502
2025-06-09 13:37:08,259.47809762638246
2025-06-09 13:37:16,259.26153258737725
2025-06-09 13:37:25,259.23209634269426
2025-06-09 13:37:33,259.42670184742417
2025-06-09 13:37:41,259.4845839121778
2025-06-09 13:37:50,259.09040853570923
2025-06-09 13:37:58,257.42944414070587
2025-06-09 13:38:07,259.27619188418237
2025-06-09 13:38:15,259.4190455903573
2025-06-09 13:38:23,259.42677504974074
2025-06-09 13:38:32,257.6803408081646
2025-06-09 13:38:40,257.3699482530703
2025-06-09 13:38:49,259.2251041531187
2025-06-09 13:38:57,257.4323644532868
2025-06-09 13:39:05,257.56026319911695
2025-06-09 13:39:14,257.3882660816814
2025-06-09 13:39:22,257.42446947791314
2025-06-09 13:39:31,257.04417145069044
2025-06-09 13:39:39,259.00340927932024
2025-06-09 13:39:47,259.24891305426024
2025-06-09 13:39:56,259.2971111729116
2025-06-09 13:40:04,259.3747250451612
2025-06-09 13:40:13,259.0298072795697
2025-06-09 13:40:21,259.3052094371365
2025-06-09 13:40:29,259.072299414598
2025-06-09 13:40:38,259.1454074845976
2025-06-09 13:40:46,259.2933216831789
2025-06-09 13:40:54,259.1190676167747
2025-06-09 13:41:03,259.48138401186884
2025-06-09 13:41:11,259.16622637045464
2025-06-09 13:41:20,259.4859653008915
2025-06-09 13:41:28,259.067127989673
2025-06-09 13:41:36,259.199603718205
2025-06-09 13:41:45,259.2949305362191
2025-06-09 13:41:53,259.47597451105514
2025-06-09 13:42:02,259.594641056049
2025-06-09 13:42:10,259.0491897301862
2025-06-09 13:42:18,259.4195017806227
2025-06-09 13:42:27,259.3451826548399
2025-06-09 13:42:35,259.292615369859
2025-06-09 13:42:44,259.41335542275726
2025-06-09 13:42:52,259.12684633784716
2025-06-09 13:43:00,259.6372011920596
2025-06-09 13:43:09,259.5174528284284
2025-06-09 13:43:17,259.5431625060596
2025-06-09 13:43:26,259.3763650867133
2025-06-09 13:43:34,259.34373579499294
2025-06-09 13:43:42,259.32273509240883
2025-06-09 13:43:51,259.4807535389508
2025-06-09 13:43:59,259.3714183252738
2025-06-09 13:44:08,259.4854445106795
2025-06-09 13:44:16,259.45983128447887
2025-06-09 13:44:24,259.2846732100147
2025-06-09 13:44:33,259.3924034637558
2025-06-09 13:44:41,259.3504504177332
2025-06-09 13:44:50,259.1893487546433
2025-06-09 13:44:58,259.39263217298793
2025-06-09 13:45:06,259.276912667843
2025-06-09 13:45:15,259.49807441650927
2025-06-09 13:45:23,259.22201537323826
2025-06-09 13:45:32,259.4880786309585
2025-06-09 13:45:40,259.25609713869875
2025-06-09 13:45:48,259.4785815863379
2025-06-09 13:45:57,259.21740681994964
2025-06-09 13:46:05,259.130679122182
2025-06-09 13:46:13,259.227927441922
2025-06-09 13:46:22,259.4255628567105
2025-06-09 13:46:30,259.3109425135304
2025-06-09 13:46:39,259.4477334638386
2025-06-09 13:46:47,259.2059786982588
2025-06-09 13:46:55,259.36276905790993
2025-06-09 13:47:04,259.2121403939555
2025-06-09 13:47:12,259.2346903352003
2025-06-09 13:47:21,259.0680524135269
2025-06-09 13:47:29,259.11706055914203
2025-06-09 13:47:37,259.22552891072655
2025-06-09 13:47:46,259.1033532830344
2025-06-09 13:47:54,259.2253594035742
2025-06-09 13:48:03,259.244016570787
2025-06-09 13:48:11,257.5663121748962
2025-06-09 13:48:19,257.48434528025496
2025-06-09 13:48:28,257.44652083346125
2025-06-09 13:48:36,257.3609878755809
2025-06-09 13:48:44,257.47886127213184
2025-06-09 13:48:53,257.6289681491077
2025-06-09 13:49:01,257.4874225183148
2025-06-09 13:49:10,257.5262823120752
2025-06-09 13:49:18,257.75567680962524
2025-06-09 13:49:26,257.47965827780996
2025-06-09 13:49:35,257.84083652403274
2025-06-09 13:49:43,257.74047286025313
2025-06-09 13:49:52,257.63160503567644
2025-06-09 13:50:00,257.85983218548205
2025-06-09 13:50:08,257.41808299904096
2025-06-09 13:50:17,257.8331157779123
2025-06-09 13:50:25,257.7920654169742
2025-06-09 13:50:34,257.7767588373199
2025-06-09 13:50:42,257.7496660065903
2025-06-09 13:50:50,258.0430895045071
2025-06-09 13:50:59,257.8728590288588
2025-06-09 13:51:07,257.9144081842373
2025-06-09 13:51:16,257.86050013497066
2025-06-09 13:51:24,257.66543061611856
2025-06-09 13:51:32,257.9318735400704
2025-06-09 13:51:41,257.94211657994185
2025-06-09 13:51:49,257.96797876711105
2025-06-09 13:51:57,258.04245100729315
2025-06-09 13:52:06,257.7192243565295
2025-06-09 13:52:14,257.7412218099891
2025-06-09 13:52:23,257.9004270525408
2025-06-09 13:52:31,257.68139623142264
2025-06-09 13:52:39,258.0136875954583
2025-06-09 13:52:48,257.84281751536014
2025-06-09 13:52:56,257.6525134888817
2025-06-09 13:53:05,257.8846348491876
2025-06-09 13:53:13,257.66653488310556
2025-06-09 13:53:21,257.8912447996304
2025-06-09 13:53:30,257.75622075670293
2025-06-09 13:53:38,258.01390334064274
2025-06-09 13:53:47,257.6617299389041
2025-06-09 13:53:55,257.87660121606814
2025-06-09 13:54:03,257.81267581659984
2025-06-09 13:54:12,257.83053078346984
2025-06-09 13:54:20,257.7733075677107
2025-06-09 13:54:28,257.68515015280366
2025-06-09 13:54:37,257.5976226007449
2025-06-09 13:54:45,257.868748590623
2025-06-09 13:54:54,257.62844806094677
2025-06-09 13:55:02,257.8262732996602
2025-06-09 13:55:10,257.8823277587776
2025-06-09 13:55:19,257.74587126189476
2025-06-09 13:55:27,257.7681564397375
2025-06-09 13:55:36,257.95492813138105
2025-06-09 13:55:44,257.9838024077262
2025-06-09 13:55:52,257.84380624680614
2025-06-09 13:56:01,257.70819917228937
2025-06-09 13:56:09,257.85953589898764
2025-06-09 13:56:18,257.7932922028168
2025-06-09 13:56:26,257.6611279438658
2025-06-09 13:56:34,257.8123300153599
2025-06-09 13:56:43,257.78361401761003
2025-06-09 13:56:51,257.72163901505826
2025-06-09 13:57:00,257.5064691988781
2025-06-09 13:57:08,257.877532766199
2025-06-09 13:57:16,257.66038276866374
2025-06-09 13:57:25,257.8182906360066
2025-06-09 13:57:33,257.9560713793188
2025-06-09 13:57:41,257.88835879123894
2025-06-09 13:57:50,257.8579630231776
2025-06-09 13:57:58,257.7170552183507
2025-06-09 13:58:07,257.7041184428656
2025-06-09 13:58:15,257.8427340831119
2025-06-09 13:58:23,258.07285699502233
2025-06-09 13:58:32,257.8947508869675
2025-06-09 13:58:40,257.98666390021015
2025-06-09 13:58:49,257.6468467760583
2025-06-09 13:58:57,257.84373438668
2025-06-09 13:59:05,257.79328323148513
2025-06-09 13:59:14,257.956778612009
2025-06-09 13:59:22,257.8388905027142
2025-06-09 13:59:31,257.8043591073539
2025-06-09 13:59:39,257.9055475645393
2025-06-09 13:59:47,258.0813894692852
2025-06-09 13:59:56,258.2228698737687
2025-06-09 14:00:04,258.02500656999916
2025-06-09 14:00:13,257.7915541160727
2025-06-09 14:00:21,257.8944432418973
2025-06-09 14:00:29,258.09077489905735
2025-06-09 14:00:38,257.9984776021574
2025-06-09 14:00:46,257.8786136527479
2025-06-09 14:00:54,257.9967585807053
2025-06-09 14:01:03,257.97428971029797
2025-06-09 14:01:11,257.88036318157015
2025-06-09 14:01:20,257.8984414631815
2025-06-09 14:01:28,255.43427083608313
2025-06-09 14:01:37,257.80623120111653
2025-06-09 14:01:45,257.6277925811443
2025-06-09 14:01:54,257.82810445319944
2025-06-09 14:02:02,255.6140390345617
2025-06-09 14:02:10,255.50437506908736
2025-06-09 14:02:19,255.78950078441227
2025-06-09 14:02:27,258.04286018135684
2025-06-09 14:02:36,255.59647771566324
2025-06-09 14:02:44,255.52428807624614
2025-06-09 14:02:52,255.72647014037074
2025-06-09 14:03:01,255.79056547995296
2025-06-09 14:03:09,255.4153677890797
2025-06-09 14:03:18,255.69962322478452
2025-06-09 14:03:26,255.61786190847414
2025-06-09 14:03:34,255.75122930493995
2025-06-09 14:03:43,255.68020744200084
2025-06-09 14:03:51,255.71591901351468
2025-06-09 14:04:00,255.54574715945043
2025-06-09 14:04:08,255.81784584220645
2025-06-09 14:04:16,255.9314665685681
2025-06-09 14:04:25,255.6221094462351
2025-06-09 14:04:33,255.51281615231056
2025-06-09 14:04:42,255.64714073732694
2025-06-09 14:04:50,255.79950623565097
2025-06-09 14:04:58,255.74450643203804
2025-06-09 14:05:07,255.57573720111725
2025-06-09 14:05:15,255.71077171716965
2025-06-09 14:05:23,255.6521856166686
2025-06-09 14:05:32,255.7473456790644
2025-06-09 14:05:40,255.76502083526628
2025-06-09 14:05:49,255.73448366638345
2025-06-09 14:05:57,255.69845740767678
2025-06-09 14:06:05,255.29808313151497
2025-06-09 14:06:14,255.46182415547287
2025-06-09 14:06:22,255.5046129988055
2025-06-09 14:06:31,255.31108381200312
2025-06-09 14:06:39,255.51013055851908
2025-06-09 14:06:47,255.50060595072546
2025-06-09 14:06:56,255.5731981408596
2025-06-09 14:07:04,255.43732986295083
2025-06-09 14:07:13,255.50358572986391
2025-06-09 14:07:21,255.54324880857047
2025-06-09 14:07:29,255.50347155938712
2025-06-09 14:07:38,255.5713454719413
2025-06-09 14:07:46,255.4898625047766
2025-06-09 14:07:55,252.87471953852287
2025-06-09 14:08:03,255.0652680099586
2025-06-09 14:08:11,252.89854583110747
2025-06-09 14:08:20,252.9242702096521
2025-06-09 14:08:28,253.28014080226302
2025-06-09 14:08:36,253.02765054320668
2025-06-09 14:08:45,252.84134221681722
2025-06-09 14:08:53,252.95589837301316
2025-06-09 14:09:02,253.121792098486
2025-06-09 14:09:10,252.84410426258222
2025-06-09 14:09:18,252.83051019592702
2025-06-09 14:09:27,252.88009179713146
2025-06-09 14:09:35,252.73743449887806
2025-06-09 14:09:44,252.69005423181326
2025-06-09 14:09:52,253.23684127647246
2025-06-09 14:10:00,252.7317934433012
2025-06-09 14:10:09,252.79383735112265
2025-06-09 14:10:17,253.0943337659436
2025-06-09 14:10:26,252.62362533717493
2025-06-09 14:10:34,252.84955107651052
2025-06-09 14:10:42,253.0253931778021
2025-06-09 14:10:51,252.69026952721276
2025-06-09 14:10:59,252.66303124350532
2025-06-09 14:11:08,252.40286918696495
2025-06-09 14:11:16,252.6379023812021
2025-06-09 14:11:24,252.7729303823831
2025-06-09 14:11:33,252.9959132668843
2025-06-09 14:11:41,252.68484870946966
2025-06-09 14:11:49,252.84517364076774
2025-06-09 14:11:58,252.48435012308994
2025-06-09 14:12:06,252.3328430757183
2025-06-09 14:12:15,252.40439978837216
2025-06-09 14:12:23,252.7713668121171
2025-06-09 14:12:31,252.5677467969184
2025-06-09 14:12:40,252.34762237719596
2025-06-09 14:12:48,254.53558715477428
2025-06-09 14:12:57,252.78914571989412
2025-06-09 14:13:05,252.78238201546367
2025-06-09 14:13:13,254.3606152527971
2025-06-09 14:13:22,254.3869432033778
2025-06-09 14:13:30,252.55786000298332
2025-06-09 14:13:39,252.62344036860907
2025-06-09 14:13:47,254.37037537924522
2025-06-09 14:13:55,252.52869870562824
2025-06-09 14:14:04,254.42996230903597
2025-06-09 14:14:12,254.57467733196714
2025-06-09 14:14:21,254.57497410175452
2025-06-09 14:14:29,252.68692266600655
2025-06-09 14:14:37,252.55750500547495
2025-06-09 14:14:46,252.4066277421854
2025-06-09 14:14:54,252.31268109536313
2025-06-09 14:15:02,252.68182211585776
2025-06-09 14:15:11,252.65881342799167
2025-06-09 14:15:19,252.78951089087312
2025-06-09 14:15:28,252.91905543495565
2025-06-09 14:15:36,252.7116021746141
2025-06-09 14:15:44,252.50940376241354
2025-06-09 14:15:53,252.70455831976616
2025-06-09 14:16:01,252.52108518899303
2025-06-09 14:16:10,252.95286492488708
2025-06-09 14:16:18,252.67261959660811
2025-06-09 14:16:26,252.52932241144745
2025-06-09 14:16:35,252.67637329137364
2025-06-09 14:16:43,252.73636610055442
2025-06-09 14:16:52,252.49363052122112
2025-06-09 14:17:00,252.56448332619556
2025-06-09 14:17:08,252.50688362181793
2025-06-09 14:17:17,252.62097208634978
2025-06-09 14:17:25,252.70028233333232
2025-06-09 14:17:34,252.62692035377543
2025-06-09 14:17:42,252.23918451143643
2025-06-09 14:17:50,252.51779392229483
2025-06-09 14:17:59,252.3843378961637
2025-06-09 14:18:07,252.8575816961212
2025-06-09 14:18:15,252.6971342326999
2025-06-09 14:18:24,252.48967513457387
2025-06-09 14:18:32,252.31564716414954
2025-06-09 14:18:41,252.20883845805105
2025-06-09 14:18:49,252.71409603242503
2025-06-09 14:18:57,252.83178641121495
2025-06-09 14:19:06,252.53910810717954
2025-06-09 14:19:14,252.89083405510252
2025-06-09 14:19:23,252.7392183127241
2025-06-09 14:19:31,252.16509414454106
2025-06-09 14:19:39,252.4879291062645
2025-06-09 14:19:48,252.60553893698963
2025-06-09 14:19:56,252.24008287366522
2025-06-09 14:20:05,252.82687657635933
2025-06-09 14:20:13,252.85478961722092
2025-06-09 14:20:21,252.42942585654282
2025-06-09 14:20:30,252.42553178963553
2025-06-09 14:20:38,252.14659737221166
2025-06-09 14:20:47,252.72712820087185
2025-06-09 14:20:55,252.3672637532359
2025-06-09 14:21:03,252.3109875015014
2025-06-09 14:21:12,252.9156584108352
2025-06-09 14:21:20,252.90812036116577
2025-06-09 14:21:28,252.59583448964344
2025-06-09 14:21:37,252.52383257906737
2025-06-09 14:21:45,252.2619435792181
2025-06-09 14:21:54,252.4241484426011
2025-06-09 14:22:02,252.58314478920323
2025-06-09 14:22:10,252.6572738556639
2025-06-09 14:22:19,252.87452776945298
2025-06-09 14:22:27,252.84006178889547
2025-06-09 14:22:36,252.8530901227377
2025-06-09 14:22:44,252.35843447729724
2025-06-09 14:22:52,252.52849258405982
2025-06-09 14:23:01,253.0045281431899
2025-06-09 14:23:09,253.03097486615448
2025-06-09 14:23:18,252.67686815803353
2025-06-09 14:23:26,252.79335858107677
2025-06-09 14:23:34,252.8508875884537
2025-06-09 14:23:43,252.49673649151822
2025-06-09 14:23:51,252.64605842176695
2025-06-09 14:23:59,252.90093185162144
2025-06-09 14:24:08,252.6460625044307
2025-06-09 14:24:16,252.83681738508992
2025-06-09 14:24:25,252.85663155183127
2025-06-09 14:24:33,252.8477332829889
2025-06-09 14:24:41,252.84232752169493
2025-06-09 14:24:50,252.52132131301897
2025-06-09 14:24:58,252.71729459147127
2025-06-09 14:25:07,252.84324725849052
2025-06-09 14:25:15,252.82172012085692
2025-06-09 14:25:23,252.60887039165078
2025-06-09 14:25:32,252.57284426727512
2025-06-09 14:25:40,252.36016973389724
2025-06-09 14:25:49,253.16409444424292
2025-06-09 14:25:57,253.00392303580014
2025-06-09 14:26:05,253.06981909186783
2025-06-09 14:26:14,252.83248164905257
2025-06-09 14:26:22,252.67945236920852
2025-06-09 14:26:31,253.28294786637463
2025-06-09 14:26:39,252.62433314846712
2025-06-09 14:26:47,252.55385284104042
2025-06-09 14:26:56,252.8767388458612
2025-06-09 14:27:04,252.67006094451355
2025-06-09 14:27:13,252.63037475754948
2025-06-09 14:27:21,253.0860029970009
2025-06-09 14:27:29,252.50289176920018
2025-06-09 14:27:38,252.62351671794895
2025-06-09 14:27:46,252.61018245308284
2025-06-09 14:27:54,252.7738412914773
2025-06-09 14:28:03,252.5745768362225
2025-06-09 14:28:11,252.3962377281681
2025-06-09 14:28:20,252.6681330540045
2025-06-09 14:28:28,252.60034780739238
2025-06-09 14:28:36,252.23118749050178
2025-06-09 14:28:45,252.65654980937873
2025-06-09 14:28:53,252.6739013177888
2025-06-09 14:29:02,252.1638889402818
2025-06-09 14:29:10,252.10978879961
2025-06-09 14:29:18,252.50055548543637
2025-06-09 14:29:27,252.28219484466246
2025-06-09 14:29:35,252.40174222047457
2025-06-09 14:29:44,252.39786294658268
2025-06-09 14:29:52,252.40973918512452
2025-06-09 14:30:00,251.98319315265564
2025-06-09 14:30:09,252.44042463546344
2025-06-09 14:30:17,252.74815142748315
2025-06-09 14:30:26,252.31712874076467
2025-06-09 14:30:34,252.1915006173931
2025-06-09 14:30:42,252.73230672260758
2025-06-09 14:30:51,252.59103405361282
2025-06-09 14:30:59,252.50521918589362
2025-06-09 14:31:08,252.58654175750996
2025-06-09 14:31:16,252.75469620634965
2025-06-09 14:31:24,252.68933823479477
2025-06-09 14:31:33,252.61530761545214
2025-06-09 14:31:41,252.69381538274615
2025-06-09 14:31:50,252.31412450242607
2025-06-09 14:31:58,252.34547405110334
2025-06-09 14:32:06,253.00168550447984
2025-06-09 14:32:15,252.8808493004825
2025-06-09 14:32:23,252.61018888731542
2025-06-09 14:32:32,252.82403824233174
2025-06-09 14:32:40,254.93758443737352
2025-06-09 14:32:48,252.84580518653752
2025-06-09 14:32:57,254.68555701107957
2025-06-09 14:33:05,255.1002511076333
2025-06-09 14:33:13,255.10965757294713
2025-06-09 14:33:22,255.0864021126416
2025-06-09 14:33:30,255.17852338498972
2025-06-09 14:33:39,255.16310706822267
2025-06-09 14:33:47,255.08105686123596
2025-06-09 14:33:55,255.02655891724032
2025-06-09 14:34:04,255.25852165724032
2025-06-09 14:34:12,255.04498462180416
2025-06-09 14:34:21,255.41618762870203
2025-06-09 14:34:29,255.20120924094104
2025-06-09 14:34:37,255.44500176971135
2025-06-09 14:34:46,255.29657569066924
2025-06-09 14:34:54,255.30789170499042
2025-06-09 14:35:03,255.44446545664564
2025-06-09 14:35:11,255.1986877070638
2025-06-09 14:35:19,255.34201334547836
2025-06-09 14:35:28,255.4433469378577
2025-06-09 14:35:36,255.29873066168307
2025-06-09 14:35:45,255.41101959233526
2025-06-09 14:35:53,255.28360451697205
2025-06-09 14:36:01,255.3968998458362
2025-06-09 14:36:10,255.1654909641494
2025-06-09 14:36:18,255.12943820076114
2025-06-09 14:36:26,255.17248931490457
2025-06-09 14:36:35,255.27320870315617
2025-06-09 14:36:43,255.40371844487927
2025-06-09 14:36:52,255.09700536926005
2025-06-09 14:37:00,257.48710505673915
2025-06-09 14:37:08,257.5202529619535
2025-06-09 14:37:17,257.5716294874595
2025-06-09 14:37:25,257.3727220493697
2025-06-09 14:37:34,257.34438337298195
2025-06-09 14:37:42,257.1726202299599
2025-06-09 14:37:50,257.38163713354254
2025-06-09 14:37:59,257.3748600407327
2025-06-09 14:38:07,257.23306556304277
2025-06-09 14:38:16,257.40463749654236
2025-06-09 14:38:24,257.0687993243864
2025-06-09 14:38:32,257.1690456023984
2025-06-09 14:38:41,257.4089220319968
2025-06-09 14:38:49,257.13867330921516
2025-06-09 14:38:58,257.0156791793822
2025-06-09 14:39:06,257.12755085653134
2025-06-09 14:39:14,257.1444891162059
2025-06-09 14:39:23,257.1168925220535
2025-06-09 14:39:31,257.0383710956172
2025-06-09 14:39:40,256.858648224892
2025-06-09 14:39:48,256.80017133325657
2025-06-09 14:39:56,256.7122395505593
2025-06-09 14:40:05,256.86812437112053
2025-06-09 14:40:13,256.7184962637168
2025-06-09 14:40:21,256.5164453048561
2025-06-09 14:40:30,258.2119225686094
2025-06-09 14:40:38,258.24947166797233
2025-06-09 14:40:47,258.3879209783519
2025-06-09 14:40:55,258.3869445893872
2025-06-09 14:41:03,258.4407646117119
2025-06-09 14:41:12,258.2208534331594
2025-06-09 14:41:20,258.2541718684528
2025-06-09 14:41:29,258.5361534719541
2025-06-09 14:41:37,258.50047461091685
2025-06-09 14:41:45,258.1077254826786
2025-06-09 14:41:54,258.6126693652999
2025-06-09 14:42:02,258.25175310172034
2025-06-09 14:42:11,258.32439077592886
2025-06-09 14:42:19,258.6261988896491
2025-06-09 14:42:27,258.48129673347205
2025-06-09 14:42:36,258.53708483881474
2025-06-09 14:42:44,258.2083887626823
2025-06-09 14:42:53,258.207849064005
2025-06-09 14:43:01,258.4619028154628
2025-06-09 14:43:09,258.4143451899754
2025-06-09 14:43:18,258.5944299107327
2025-06-09 14:43:26,258.461329917798
2025-06-09 14:43:34,258.8247024828854
2025-06-09 14:43:43,258.68165643381644
2025-06-09 14:43:51,258.8128678239492
2025-06-09 14:44:00,258.61947545275154
2025-06-09 14:44:08,259.52827746234834
2025-06-09 14:44:16,259.4369336506352
2025-06-09 14:44:25,259.62507459288463
2025-06-09 14:44:33,259.5149880312383
2025-06-09 14:44:42,259.4850481732283
2025-06-09 14:44:50,259.42662626923993
2025-06-09 14:44:58,259.0922176516615
2025-06-09 14:45:07,259.5328932465054
2025-06-09 14:45:15,259.2853753436357
2025-06-09 14:45:24,259.1210552668199
2025-06-09 14:45:32,259.07181331468746
2025-06-09 14:45:40,258.9026174703613
2025-06-09 14:45:49,258.83384848968126
2025-06-09 14:45:57,259.07392429420725
2025-06-09 14:46:05,258.91545192850754
2025-06-09 14:46:14,258.8874496638309
2025-06-09 14:46:22,258.85983491363004
2025-06-09 14:46:31,258.69200822897255
2025-06-09 14:46:39,258.65771342115477
2025-06-09 14:46:47,258.8179775932804
2025-06-09 14:46:56,258.56607174593955
2025-06-09 14:47:04,258.42972963047214
2025-06-09 14:47:13,258.64649312151596
2025-06-09 14:47:21,258.6494193384424
2025-06-09 14:47:29,258.4569683331065
2025-06-09 14:47:38,258.48493276769295
2025-06-09 14:47:46,258.8144411658868
2025-06-09 14:47:55,258.7365587214008
2025-06-09 14:48:03,257.69403495575165
2025-06-09 14:48:11,257.62789051103704
2025-06-09 14:48:20,257.87313898776813
2025-06-09 14:48:28,257.4549173618335
2025-06-09 14:48:37,257.634717301412
2025-06-09 14:48:45,257.6232749924148
2025-06-09 14:48:53,257.7114883547454
2025-06-09 14:49:02,257.7072732871618
2025-06-09 14:49:10,257.7506763936676
2025-06-09 14:49:18,257.7487276037479
2025-06-09 14:49:27,257.6381616816036
2025-06-09 14:49:35,258.0258716988623
2025-06-09 14:49:44,257.7626002702053
2025-06-09 14:49:52,257.8899250811999
2025-06-09 14:50:00,258.2445699155228
2025-06-09 14:50:09,258.04356375995377
2025-06-09 14:50:17,257.8813466438841
2025-06-09 14:50:26,258.0440343116159
2025-06-09 14:50:34,258.04681814241064
2025-06-09 14:50:42,258.08499380115444
2025-06-09 14:50:51,256.235271023136
2025-06-09 14:50:59,258.252292595623
2025-06-09 14:51:08,256.5549105404792
2025-06-09 14:51:16,256.5270356652508
2025-06-09 14:51:24,256.3735844737194
2025-06-09 14:51:33,256.31602984146895
2025-06-09 14:51:41,256.1948118219239
2025-06-09 14:51:50,256.3708460949178
2025-06-09 14:51:58,256.3433189935397
2025-06-09 14:52:06,255.96900465755036
2025-06-09 14:52:15,256.19927173292524
2025-06-09 14:52:23,256.2615715364959
2025-06-09 14:52:31,256.32635433427964
2025-06-09 14:52:40,256.1038504663069
2025-06-09 14:52:48,255.92296233261322
2025-06-09 14:52:57,256.0060239126161
2025-06-09 14:53:05,255.9307891936214
2025-06-09 14:53:13,255.9794307620609
2025-06-09 14:53:22,255.76686205602678
2025-06-09 14:53:30,256.0046597779243
2025-06-09 14:53:39,254.0471177810023
2025-06-09 14:53:47,254.2482717951381
2025-06-09 14:53:55,253.8392873534343
2025-06-09 14:54:04,254.28058443546425
2025-06-09 14:54:12,253.67304245463663
2025-06-09 14:54:21,254.05619842007087
2025-06-09 14:54:29,253.76736481517966
2025-06-09 14:54:37,253.99390302929183
2025-06-09 14:54:46,253.90809136354247
2025-06-09 14:54:54,253.92350599082698
2025-06-09 14:55:03,254.2293600852212
2025-06-09 14:55:11,253.7020237244278
2025-06-09 14:55:19,254.05944575616599
2025-06-09 14:55:28,253.80686782875415
2025-06-09 14:55:36,253.96155886896588
2025-06-09 14:55:44,253.81215638986126
2025-06-09 14:55:53,252.35890307144047
2025-06-09 14:56:01,254.077318582529
2025-06-09 14:56:10,254.01232174851629
2025-06-09 14:56:18,254.0458376281553
2025-06-09 14:56:26,252.45964421374535
2025-06-09 14:56:35,253.94377011941256
2025-06-09 14:56:43,252.42325436192004
2025-06-09 14:56:52,252.412122246662
2025-06-09 14:57:00,252.4997115311978
2025-06-09 14:57:08,252.45840702725144
2025-06-09 14:57:17,251.9355169403002
2025-06-09 14:57:25,252.2758195526608
2025-06-09 14:57:34,252.23374423972842
2025-06-09 14:57:42,252.26320071421395
2025-06-09 14:57:50,252.59318808143945
2025-06-09 14:57:59,252.3018026602445
2025-06-09 14:58:07,254.0361384372737
2025-06-09 14:58:16,252.3922892877041
2025-06-09 14:58:24,252.23017090465873
2025-06-09 14:58:32,252.4228172181221
2025-06-09 14:58:41,254.1306966935454
2025-06-09 14:58:49,253.9651519733556
2025-06-09 14:58:57,254.16056101659126
2025-06-09 14:59:06,254.13473355051573
2025-06-09 14:59:14,254.16589520570113
2025-06-09 14:59:23,254.11561102856447
2025-06-09 14:59:31,253.8646160566669
2025-06-09 14:59:39,253.9471005786496
2025-06-09 14:59:48,253.8759671671169
2025-06-09 14:59:56,253.90966433125078
2025-06-09 15:00:05,253.73840042526155
2025-06-09 15:00:13,253.87379542151467
2025-06-09 15:00:21,253.79435617405198
2025-06-09 15:00:30,254.13274445125995
2025-06-09 15:00:38,254.0781335785543
2025-06-09 15:00:47,253.8524520572787
2025-06-09 15:00:55,253.8332786195859
2025-06-09 15:01:03,253.81418253746259
2025-06-09 15:01:12,253.91790475965152
2025-06-09 15:01:20,253.8551671015092
2025-06-09 15:01:29,254.0244762732185
2025-06-09 15:01:38,253.8109923992698
2025-06-09 15:01:46,253.81094014375077
2025-06-09 15:01:54,254.24642694256744
2025-06-09 15:02:03,253.88728519794512
2025-06-09 15:02:11,254.1135232530045
2025-06-09 15:02:20,254.18461557277817
2025-06-09 15:02:28,253.7404938193987
2025-06-09 15:02:36,254.06814338920304
2025-06-09 15:02:45,255.70313289884626
2025-06-09 15:02:53,254.12238504684396
2025-06-09 15:03:02,254.03191447500072
2025-06-09 15:03:10,254.0873345134952
2025-06-09 15:03:18,255.8257146661345
2025-06-09 15:03:27,255.8658769465216
2025-06-09 15:03:35,255.60811724970588
2025-06-09 15:03:43,254.01845226513063
2025-06-09 15:03:52,254.16722120891427
2025-06-09 15:04:00,254.2173947893552
2025-06-09 15:04:09,254.0425610212825
2025-06-09 15:04:17,253.9937333853553
2025-06-09 15:04:25,255.80740252169699
2025-06-09 15:04:34,255.74369137774215
2025-06-09 15:04:42,255.9004265264916
2025-06-09 15:04:51,255.62153887715948
2025-06-09 15:04:59,255.79879344356053
2025-06-09 15:05:07,255.9039228909195
2025-06-09 15:05:16,255.717811386638
2025-06-09 15:05:24,255.79005731962633
2025-06-09 15:05:33,255.83699311560204
2025-06-09 15:05:41,256.20221950479356
2025-06-09 15:05:49,255.59475555090106
2025-06-09 15:05:58,255.797033343577
2025-06-09 15:06:06,255.6657732501987
2025-06-09 15:06:15,255.83045556152842
2025-06-09 15:06:23,255.9271491001899
2025-06-09 15:06:31,255.92526413536706
2025-06-09 15:06:40,255.82117284332287
2025-06-09 15:06:48,255.78219648684149
2025-06-09 15:06:56,255.7818399255668
2025-06-09 15:07:05,255.82051716969033
2025-06-09 15:07:13,255.83386107564792
2025-06-09 15:07:22,255.8627334697432
2025-06-09 15:07:30,255.8974550126853
2025-06-09 15:07:38,256.1892025241828
2025-06-09 15:07:47,255.8675829165518
2025-06-09 15:07:55,255.7035144969478
2025-06-09 15:08:04,256.12855735065875
2025-06-09 15:08:12,256.14846838547584
2025-06-09 15:08:20,256.14188249276697
2025-06-09 15:08:29,256.0320358032668
2025-06-09 15:08:37,256.03590464083186
2025-06-09 15:08:46,256.1326376367692
2025-06-09 15:08:54,256.0063439700923
2025-06-09 15:09:02,256.0627811984312
2025-06-09 15:09:11,256.2871928147265
2025-06-09 15:09:19,256.26128468203564
2025-06-09 15:09:27,256.402769658551
2025-06-09 15:09:36,256.30435773029365
2025-06-09 15:09:44,256.39491574900563
2025-06-09 15:09:53,256.64676659962953
2025-06-09 15:10:01,256.2274315795655
2025-06-09 15:10:10,256.3863038809737
2025-06-09 15:10:18,256.7738791095937
2025-06-09 15:10:26,258.14213837549386
2025-06-09 15:10:35,257.80160005276923
2025-06-09 15:10:43,256.54426146334185
2025-06-09 15:10:51,258.17323984458534
2025-06-09 15:11:00,257.9816573753611
2025-06-09 15:11:08,257.99810086697823
2025-06-09 15:11:17,258.01619144954304
2025-06-09 15:11:25,258.30374682481323
2025-06-09 15:11:33,257.9425319447677
2025-06-09 15:11:42,258.1286427912164
2025-06-09 15:11:50,258.1370586449275
2025-06-09 15:11:59,257.9085203201603
2025-06-09 15:12:07,258.2179905464328
2025-06-09 15:12:15,257.8627111141175
2025-06-09 15:12:24,258.05132525947187
2025-06-09 15:12:32,258.1675434929235
2025-06-09 15:12:41,257.90803226906274
2025-06-09 15:12:49,258.3014017507724
2025-06-09 15:12:57,258.05367379396716
2025-06-09 15:13:06,258.211568629144
2025-06-09 15:13:14,258.0920462373627
2025-06-09 15:13:22,258.0445994280649
2025-06-09 15:13:31,258.0073207755429
2025-06-09 15:13:39,258.07446575736856
2025-06-09 15:13:48,258.1270713125293
2025-06-09 15:13:56,258.12536803515457
2025-06-09 15:14:04,257.9233734730467
2025-06-09 15:14:13,256.5757768367814
2025-06-09 15:14:21,256.5031259606623
2025-06-09 15:14:30,257.79634437068694
2025-06-09 15:14:38,257.93875015755043
2025-06-09 15:14:46,258.06778665518584
2025-06-09 15:14:55,256.6920800861176
2025-06-09 15:15:03,258.21584159898043
2025-06-09 15:15:12,256.5805816182847
2025-06-09 15:15:20,257.9281157995659
2025-06-09 15:15:28,257.86427805114926
2025-06-09 15:15:37,256.5582307206811
2025-06-09 15:15:45,256.7879040988921
2025-06-09 15:15:54,256.52598183591545
2025-06-09 15:16:02,256.59284175644854
2025-06-09 15:16:10,258.09378168418107
2025-06-09 15:16:19,256.5955278743873
2025-06-09 15:16:27,256.3540095439069
2025-06-09 15:16:35,256.49463947086804
2025-06-09 15:16:44,256.57566976772944
2025-06-09 15:16:52,256.34821343847716
2025-06-09 15:17:01,258.0458120916797
2025-06-09 15:17:09,256.2844391809332
2025-06-09 15:17:17,258.04149954889067
2025-06-09 15:17:26,258.10005879357806
2025-06-09 15:17:34,256.5473978831851
2025-06-09 15:17:43,256.69678997621816
2025-06-09 15:17:51,257.899312037919
2025-06-09 15:17:59,257.90692662930826
2025-06-09 15:18:08,257.7916400446174
2025-06-09 15:18:16,257.90805024423344
2025-06-09 15:18:25,257.97592242421
2025-06-09 15:18:33,257.8491058049259
2025-06-09 15:18:41,258.0440354305085
2025-06-09 15:18:50,257.99458594992893
2025-06-09 15:18:58,258.0630633175226
2025-06-09 15:19:07,257.93181726138107
2025-06-09 15:19:15,257.8167916141664
2025-06-09 15:19:23,257.85983509509265
2025-06-09 15:19:32,257.6390133928241
2025-06-09 15:19:40,257.8721324477208
2025-06-09 15:19:49,257.9960811837638
2025-06-09 15:19:57,257.84689396573697
2025-06-09 15:20:05,257.97741996919456
2025-06-09 15:20:14,257.821285296144
2025-06-09 15:20:22,257.8098417287648
2025-06-09 15:20:31,257.7556026996401
2025-06-09 15:20:39,257.73892472609646
2025-06-09 15:20:47,257.9241428678696
2025-06-09 15:20:56,257.94343048213636
2025-06-09 15:21:04,257.97421913557264
2025-06-09 15:21:13,257.8587032393786
2025-06-09 15:21:21,257.87017758413054
2025-06-09 15:21:29,257.8189485896703
2025-06-09 15:21:38,258.14269064240773
2025-06-09 15:21:46,257.87614350367267
2025-06-09 15:21:54,257.85229546072145
2025-06-09 15:22:03,257.67071289117735
2025-06-09 15:22:11,257.8214730706553
2025-06-09 15:22:20,258.04013248466674
2025-06-09 15:22:28,257.6172461078546
2025-06-09 15:22:36,257.58089195512053
2025-06-09 15:22:45,257.77191856845343
2025-06-09 15:22:53,257.84126558053606
2025-06-09 15:23:02,257.79421071788715
2025-06-09 15:23:10,257.78265297280575
2025-06-09 15:23:18,257.64615164385464
2025-06-09 15:23:27,257.67682474228286
2025-06-09 15:23:35,257.6667969997402
2025-06-09 15:23:44,257.71764773351106
2025-06-09 15:23:52,257.6778814893437
2025-06-09 15:24:00,257.5052944898785
2025-06-09 15:24:09,257.69027387867436
2025-06-09 15:24:17,257.55023703735367
2025-06-09 15:24:26,257.82876448165064
2025-06-09 15:24:34,257.7294387658056
2025-06-09 15:24:42,257.6336075781944
2025-06-09 15:24:51,257.5540074842876
2025-06-09 15:24:59,257.44213408336276
2025-06-09 15:25:07,257.4970522476368
2025-06-09 15:25:16,257.6578265219057
2025-06-09 15:25:24,257.7502033312479
2025-06-09 15:25:33,257.81988189796243
2025-06-09 15:25:41,258.05130800558254
2025-06-09 15:25:49,257.83852904383093
2025-06-09 15:25:58,257.58257553538226
2025-06-09 15:26:06,257.7682712278329
2025-06-09 15:26:15,257.8804283195641
2025-06-09 15:26:23,257.9877815800719
2025-06-09 15:26:31,257.99815397919156
2025-06-09 15:26:40,258.1167951510288
2025-06-09 15:26:48,257.876026221551
2025-06-09 15:26:57,258.1058860500343
2025-06-09 15:27:05,258.07004055706784
2025-06-09 15:27:13,258.10196205507964
2025-06-09 15:27:22,258.03040957730263
2025-06-09 15:27:30,258.1127416053787
2025-06-09 15:27:39,258.0140246716328
2025-06-09 15:27:47,257.8003652333282
2025-06-09 15:27:55,257.92774630896747
2025-06-09 15:28:04,258.066818558611
2025-06-09 15:28:12,258.1365838316269
2025-06-09 15:28:20,258.4117698967457
2025-06-09 15:28:29,257.9750346899964
2025-06-09 15:28:37,258.1460905126296
2025-06-09 15:28:46,258.359342568554
2025-06-09 15:28:54,258.3300089801196
2025-06-09 15:29:02,258.29106849245727
2025-06-09 15:29:11,258.3073980025947
2025-06-09 15:29:19,258.337777109351
2025-06-09 15:29:28,258.265507159289
2025-06-09 15:29:36,258.4187368864659
2025-06-09 15:29:44,258.7293730629608
2025-06-09 15:29:53,258.3432708084583
2025-06-09 15:30:01,258.57937782118097
2025-06-09 15:30:10,258.2832487099804
2025-06-09 15:30:18,258.34652330121025
2025-06-09 15:30:26,258.74749838607386
2025-06-09 15:30:35,258.5511608310044
2025-06-09 15:30:43,258.7564947544597
2025-06-09 15:30:52,258.62853865418583
2025-06-09 15:31:00,258.6819756887853
2025-06-09 15:31:08,258.5495419593062
2025-06-09 15:31:17,258.4504610733129
2025-06-09 15:31:25,258.7742030227091
2025-06-09 15:31:33,258.7877304381691
2025-06-09 15:31:42,258.5240231528878
2025-06-09 15:31:50,258.4633989369031
2025-06-09 15:31:59,258.52877390850335
2025-06-09 15:32:07,258.769649279071
2025-06-09 15:32:16,258.518208906753
2025-06-09 15:32:24,258.39275756990537
2025-06-09 15:32:32,258.45529535319656
2025-06-09 15:32:41,258.4509813587647
2025-06-09 15:32:49,258.4207492535934
2025-06-09 15:32:58,258.3933126064949
2025-06-09 15:33:06,258.5824599410407
2025-06-09 15:33:14,258.76862876908854
2025-06-09 15:33:23,258.26654232968576
2025-06-09 15:33:31,258.5365753187798
2025-06-09 15:33:40,258.5903571443632
2025-06-09 15:33:48,258.4731966254767
2025-06-09 15:33:56,258.56021692743525
2025-06-09 15:34:05,258.4366202708334
2025-06-09 15:34:13,258.3835266986862
2025-06-09 15:34:21,258.32700367597863
2025-06-09 15:34:30,258.58860656246543
2025-06-09 15:34:38,258.39392367517576
2025-06-09 15:34:47,258.5511289318092
2025-06-09 15:34:55,258.4229681571014
2025-06-09 15:35:03,258.18039353052154
2025-06-09 15:35:12,258.3520629229024
2025-06-09 15:35:20,258.3470132194925
2025-06-09 15:35:29,258.24604154378176
2025-06-09 15:35:37,258.38453243440017
2025-06-09 15:35:45,258.5107220984064
2025-06-09 15:35:54,258.4342537932098
2025-06-09 15:36:02,258.5428866369184
2025-06-09 15:36:11,258.3165979073383
2025-06-09 15:36:19,258.3741229525767
2025-06-09 15:36:27,258.2919260729104
2025-06-09 15:36:36,258.46203351020813
2025-06-09 15:36:44,258.34789219591767
2025-06-09 15:36:53,258.345099162776
2025-06-09 15:37:01,258.371898597572
2025-06-09 15:37:09,258.48467591544613
2025-06-09 15:37:18,258.44863294810057
2025-06-09 15:37:26,258.40695016342215
2025-06-09 15:37:34,258.18770221201703
2025-06-09 15:37:43,258.109495454235
2025-06-09 15:37:51,258.40504593309015
2025-06-09 15:38:00,258.27400529012084
2025-06-09 15:38:08,258.4893462317996
2025-06-09 15:38:16,258.3874519909732
2025-06-09 15:38:25,258.1248452672735
2025-06-09 15:38:33,258.49377780547366
2025-06-09 15:38:42,258.1346434382722
2025-06-09 15:38:50,258.0150038441643
2025-06-09 15:38:58,258.3146304320544
2025-06-09 15:39:07,258.24587419396266
2025-06-09 15:39:15,258.07928281999193
2025-06-09 15:39:24,258.4758622380905
2025-06-09 15:39:32,258.14401145186275
2025-06-09 15:39:40,258.35997966397554
2025-06-09 15:39:49,258.2066294029355
2025-06-09 15:39:57,258.5517966039479
2025-06-09 15:40:06,258.7518947147764
2025-06-09 15:40:14,258.4381793960929
2025-06-09 15:40:22,258.38742315303534
2025-06-09 15:40:31,258.32136898720637
2025-06-09 15:40:39,258.67156830453314
2025-06-09 15:40:47,258.3690053052269
2025-06-09 15:40:56,258.441450818209
2025-06-09 15:41:04,258.66202883189544
2025-06-09 15:41:13,258.526530705858
2025-06-09 15:41:21,258.3952954863198
2025-06-09 15:41:29,258.39871495310217
2025-06-09 15:41:38,258.65051962900907
2025-06-09 15:41:46,258.4251308492385
2025-06-09 15:41:55,258.5393600189127
2025-06-09 15:42:03,258.4246907022316
2025-06-09 15:42:11,258.32253217464313
2025-06-09 15:42:20,258.45630635577254
2025-06-09 15:42:28,258.4774128466379
2025-06-09 15:42:37,258.60429305629805
2025-06-09 15:42:45,258.8012591204606
2025-06-09 15:42:53,258.6877712220885
2025-06-09 15:43:02,258.71543744346127
2025-06-09 15:43:10,258.62899258174
2025-06-09 15:43:19,258.7238129666075
2025-06-09 15:43:27,258.7149410271086
2025-06-09 15:43:35,258.7285117881838
2025-06-09 15:43:44,258.7896075998433
2025-06-09 15:43:52,258.85520529327914
2025-06-09 15:44:01,258.70783253759146
2025-06-09 15:44:09,258.6538930735551
2025-06-09 15:44:17,258.5968479954172
2025-06-09 15:44:26,258.77394931879826
2025-06-09 15:44:34,258.56744908425026
2025-06-09 15:44:42,258.67366157704964
2025-06-09 15:44:51,258.5624085548334
2025-06-09 15:44:59,258.68918093759567
2025-06-09 15:45:08,258.2897432902828
2025-06-09 15:45:16,258.5108969579451
2025-06-09 15:45:24,258.593820562819
2025-06-09 15:45:33,258.5424517490901
2025-06-09 15:45:41,258.4986949323211
2025-06-09 15:45:50,258.59625742025673
2025-06-09 15:45:58,258.4255259637721
2025-06-09 15:46:06,258.5360768090468
2025-06-09 15:46:15,258.62587338895537
2025-06-09 15:46:23,258.8599480597768
2025-06-09 15:46:32,258.7080012583174
2025-06-09 15:46:40,258.86330792400986
2025-06-09 15:46:48,258.71145936567336
2025-06-09 15:46:57,258.61132269212976
2025-06-09 15:47:05,258.67552130436525
2025-06-09 15:47:14,258.5750329424627
2025-06-09 15:47:22,258.6097517372109
2025-06-09 15:47:30,258.6224390990101
2025-06-09 15:47:39,258.6563149886206
2025-06-09 15:47:47,258.72843633638695
2025-06-09 15:47:56,258.50824286742136
2025-06-09 15:48:04,258.42385711474344
2025-06-09 15:48:12,258.34280540421605
2025-06-09 15:48:21,258.59684822219424
2025-06-09 15:48:29,258.493221742101
2025-06-09 15:48:37,258.4369392709341
2025-06-09 15:48:46,258.4426470384933
2025-06-09 15:48:54,258.3359322519973
2025-06-09 15:49:03,258.4980367249809
2025-06-09 15:49:11,258.41873776959255
2025-06-09 15:49:19,258.6679248143919
2025-06-09 15:49:28,258.665544755524
2025-06-09 15:49:36,258.68220665026456
2025-06-09 15:49:45,258.6431111532729
2025-06-09 15:49:53,258.46538143977523
2025-06-09 15:50:01,258.7785729286261
2025-06-09 15:50:10,258.4815658512525
2025-06-09 15:50:18,258.8875493647065
2025-06-09 15:50:27,258.9680161541328
2025-06-09 15:50:35,258.66692102025263
2025-06-09 15:50:43,258.6637542359531
2025-06-09 15:50:52,258.9333302748855
2025-06-09 15:51:00,258.6514146174304
2025-06-09 15:51:09,258.7194907795638
2025-06-09 15:51:17,258.78806956182234
2025-06-09 15:51:25,258.8156877923757
2025-06-09 15:51:34,258.717652074527
2025-06-09 15:51:42,258.7900396268815
2025-06-09 15:51:50,258.65409734332934
2025-06-09 15:51:59,258.91379560297355
2025-06-09 15:52:07,258.559530622093
2025-06-09 15:52:16,258.7120075963903
2025-06-09 15:52:24,258.9042421109043
2025-06-09 15:52:32,258.9004373443313
2025-06-09 15:52:41,258.5389778101817
2025-06-09 15:52:49,258.76749205822125
2025-06-09 15:52:58,258.73118933290243
2025-06-09 15:53:06,258.66269679833204
2025-06-09 15:53:14,258.7195964567363
2025-06-09 15:53:23,258.5941996355541
2025-06-09 15:53:31,258.7165661598556
2025-06-09 15:53:40,258.6870599575341
2025-06-09 15:53:48,258.5970710355323
2025-06-09 15:53:56,258.80695427954197
2025-06-09 15:54:05,258.8598433432635
2025-06-09 15:54:13,258.65204838383943
2025-06-09 15:54:22,258.7720482358709
2025-06-09 15:54:30,258.7432582974434
2025-06-09 15:54:38,258.53056660247967
2025-06-09 15:54:47,258.5333388322033
2025-06-09 15:54:55,258.78431113716215
2025-06-09 15:55:04,258.58984938124195
2025-06-09 15:55:12,258.3380256034434
2025-06-09 15:55:20,258.6937736524269
2025-06-09 15:55:29,258.55686802603304
2025-06-09 15:55:37,258.5804937412031
2025-06-09 15:55:45,258.61771427839994
2025-06-09 15:55:54,258.52589932386763
2025-06-09 15:56:02,258.2047658083029
2025-06-09 15:56:11,258.1871195943095
2025-06-09 15:56:19,258.37849946366623
2025-06-09 15:56:27,258.26933852303773
2025-06-09 15:56:36,258.02196776121855
2025-06-09 15:56:44,258.41458122385666
2025-06-09 15:56:53,258.3048637532629
2025-06-09 15:57:01,258.2662473011296
2025-06-09 15:57:09,258.50537536200136
2025-06-09 15:57:18,258.2069808153901
2025-06-09 15:57:26,258.1605258448981
2025-06-09 15:57:35,258.3387368239928
2025-06-09 15:57:43,258.1419473285787
2025-06-09 15:57:51,258.14902084949426
2025-06-09 15:58:00,258.4479946210049
2025-06-09 15:58:08,258.27137783379294
2025-06-09 15:58:16,258.01130370795727
2025-06-09 15:58:25,258.12985141109675
2025-06-09 15:58:33,258.3299736061599
2025-06-09 15:58:42,258.26563979685307
2025-06-09 15:58:50,258.09515720885247
2025-06-09 15:58:58,258.2275923639536
2025-06-09 15:59:07,258.1246131695807
2025-06-09 15:59:15,258.1656671008095
2025-06-09 15:59:24,258.2431425219402
2025-06-09 15:59:32,258.32157381414436
2025-06-09 15:59:40,258.17786566447467
2025-06-09 15:59:49,258.29804444732144
2025-06-09 15:59:57,258.2451754575595
2025-06-09 16:00:06,258.23874019039795
2025-06-09 16:00:14,258.4121234079357
2025-06-09 16:00:22,258.3715266957879
2025-06-09 16:00:31,258.41255863104016
2025-06-09 16:00:39,258.1185143450275
2025-06-09 16:00:48,258.1427655206062
2025-06-09 16:00:56,258.285863797646
2025-06-09 16:01:04,258.4292930015363
2025-06-09 16:01:13,258.8250303422101
2025-06-09 16:01:21,257.97385311778635
2025-06-09 16:01:30,258.46836184104905
2025-06-09 16:01:38,258.11538086039945
2025-06-09 16:01:46,258.50665297778323
2025-06-09 16:01:54,258.36220977129415
2025-06-09 16:02:03,258.35275637637824
2025-06-09 16:02:11,258.32632036088035
2025-06-09 16:02:19,258.3079738095403
2025-06-09 16:02:28,258.71278766030446
2025-06-09 16:02:36,258.6171864243224
2025-06-09 16:02:45,258.35851823864505
2025-06-09 16:02:53,258.5803934095893
2025-06-09 16:03:02,258.7410963361617
2025-06-09 16:03:10,258.5960355163552
2025-06-09 16:03:18,258.5194744588807
2025-06-09 16:03:27,258.54086913447827
2025-06-09 16:03:35,258.7113382015377
2025-06-09 16:03:43,258.5924130240455
2025-06-09 16:03:52,258.68701265379786
2025-06-09 16:04:00,258.6643466227688
2025-06-09 16:04:09,258.62577292486094
2025-06-09 16:04:17,258.65283981570974
2025-06-09 16:04:25,258.8222640310414
2025-06-09 16:04:34,258.50133481482044
2025-06-09 16:04:42,258.5318011995405
2025-06-09 16:04:51,258.59512398252264
2025-06-09 16:04:59,258.5121683315374
2025-06-09 16:05:07,258.7229127357714
2025-06-09 16:05:16,258.50314572872594
2025-06-09 16:05:24,258.49233459169045
2025-06-09 16:05:33,258.57510366127826
2025-06-09 16:05:41,258.4256818331778
2025-06-09 16:05:49,258.57174703711644
2025-06-09 16:05:58,258.33015364734456
2025-06-09 16:06:06,258.37382180592977
2025-06-09 16:06:15,258.3934253070038
2025-06-09 16:06:23,258.19502351013944
2025-06-09 16:06:31,258.28779634460807
2025-06-09 16:06:40,258.45882879639976
2025-06-09 16:06:48,258.3803931954317
2025-06-09 16:06:56,258.23701842688024
2025-06-09 16:07:05,258.3296640650369
2025-06-09 16:07:13,258.3073644803371
2025-06-09 16:07:22,258.49824455566704
2025-06-09 16:07:30,258.254311257042
2025-06-09 16:07:38,258.08119322150014
2025-06-09 16:07:47,258.2718128536362
2025-06-09 16:07:55,258.2547148820013
2025-06-09 16:08:04,258.3481070997659
2025-06-09 16:08:12,257.93172218929976
2025-06-09 16:08:20,258.1689451946877
2025-06-09 16:08:29,258.2587056099437
2025-06-09 16:08:37,258.10349919321015
2025-06-09 16:08:46,258.03095890255645
2025-06-09 16:08:54,258.1974221500568
2025-06-09 16:09:02,258.0862721838057
2025-06-09 16:09:11,258.05898776627146
2025-06-09 16:09:19,257.8041885057464
2025-06-09 16:09:28,258.2166623743251
2025-06-09 16:09:36,258.0298866755329
2025-06-09 16:09:44,257.6235305718146
2025-06-09 16:09:53,257.9154394341167
2025-06-09 16:10:01,257.8534286885988
2025-06-09 16:10:10,257.67766941851005
2025-06-09 16:10:18,257.7340686749667
2025-06-09 16:10:26,257.8285523992963
2025-06-09 16:10:35,257.7372471340932
2025-06-09 16:10:43,257.7755681537092
2025-06-09 16:10:51,257.63332496699877
2025-06-09 16:11:00,257.5706260469742
2025-06-09 16:11:08,257.57820887770504
2025-06-09 16:11:17,257.66737646749243
2025-06-09 16:11:25,257.9074648169335
2025-06-09 16:11:33,258.0357037689537
2025-06-09 16:11:42,257.6816533654928
2025-06-09 16:11:50,257.6790288873017
2025-06-09 16:11:59,257.61568712675944
2025-06-09 16:12:07,257.75234216288663
2025-06-09 16:12:15,257.60784456832334
2025-06-09 16:12:24,257.7058927321341
2025-06-09 16:12:32,257.5994834988378
2025-06-09 16:12:41,257.6563657547813
2025-06-09 16:12:49,257.3342819341924
2025-06-09 16:12:57,257.78996496042237
2025-06-09 16:13:06,257.15256009625745
2025-06-09 16:13:14,256.627353555863
2025-06-09 16:13:23,257.0875459609829
2025-06-09 16:13:31,256.9933169193923
2025-06-09 16:13:39,256.81815061915233
2025-06-09 16:13:48,256.8265330831945
2025-06-09 16:13:56,256.9572886720405
2025-06-09 16:14:04,257.05195115432963
2025-06-09 16:14:13,257.2729760606529
2025-06-09 16:14:21,257.00530059123844
2025-06-09 16:14:30,257.19474440548686
2025-06-09 16:14:38,256.99433181265556
2025-06-09 16:14:46,257.04872903554605
2025-06-09 16:14:55,257.34413752400206
2025-06-09 16:15:03,257.1001479549509
2025-06-09 16:15:12,257.3085108055809
2025-06-09 16:15:20,257.2479457250276
2025-06-09 16:15:28,257.3143917297396
2025-06-09 16:15:37,257.44490313263213
2025-06-09 16:15:45,257.39843031338535
2025-06-09 16:15:54,257.44412946100806
2025-06-09 16:16:02,257.61970896148813
2025-06-09 16:16:10,257.3638036746714
2025-06-09 16:16:19,257.5378236379783
2025-06-09 16:16:27,257.5247684572887
2025-06-09 16:16:35,256.0170101566209
2025-06-09 16:16:44,255.8537197238259
2025-06-09 16:16:52,255.84630284554652
2025-06-09 16:17:01,255.95124981342127
2025-06-09 16:17:09,255.92426998771154
2025-06-09 16:17:17,256.1235392999256
2025-06-09 16:17:26,255.8909889477935
2025-06-09 16:17:34,256.2362161706705
2025-06-09 16:17:43,255.95379947906403
2025-06-09 16:17:51,255.91901491036728
2025-06-09 16:17:59,256.04366449550514
2025-06-09 16:18:08,255.99308345122103
2025-06-09 16:18:16,256.0415880638141
2025-06-09 16:18:25,255.86384274589366
2025-06-09 16:18:33,255.8630327610798
2025-06-09 16:18:41,255.7813100905209
2025-06-09 16:18:50,255.68661734790493
2025-06-09 16:18:58,255.59048488028662
2025-06-09 16:19:06,255.5804177257472
2025-06-09 16:19:15,255.51638457821886
2025-06-09 16:19:23,255.65963263510005
2025-06-09 16:19:32,255.5856660245473
2025-06-09 16:19:40,255.71031048252354
2025-06-09 16:19:48,255.73997518252554
2025-06-09 16:19:57,255.4902151286255
2025-06-09 16:20:05,255.7016028281138
2025-06-09 16:20:14,255.709652791093
2025-06-09 16:20:22,255.76204403665344
2025-06-09 16:20:30,255.89336661740703
2025-06-09 16:20:39,255.98230653042197
2025-06-09 16:20:47,255.41648005841324
2025-06-09 16:20:56,255.80038859958816
2025-06-09 16:21:04,255.50915696236234
2025-06-09 16:21:12,255.89110441763188
2025-06-09 16:21:21,255.74615805366045
2025-06-09 16:21:29,255.65325865741718
2025-06-09 16:21:38,256.0059314791568
2025-06-09 16:21:46,255.63008623917332
2025-06-09 16:21:54,255.58715306612953
2025-06-09 16:22:03,255.83532024906737
2025-06-09 16:22:11,255.76785711538693
2025-06-09 16:22:19,255.43000544306145
2025-06-09 16:22:28,255.50176792557178
2025-06-09 16:22:36,255.70994779602037
2025-06-09 16:22:45,255.45930938076958
2025-06-09 16:22:53,255.3548448280938
2025-06-09 16:23:02,255.11997823655244
2025-06-09 16:23:10,255.37482523073993
2025-06-09 16:23:18,255.5475753405804
2025-06-09 16:23:27,255.39893126784608
2025-06-09 16:23:35,255.62836886259285
2025-06-09 16:23:43,255.30184107424526
2025-06-09 16:23:52,255.5325998454577
2025-06-09 16:24:00,255.36286162709808
2025-06-09 16:24:09,255.50333991942335
2025-06-09 16:24:17,255.3803947872528
2025-06-09 16:24:25,255.12542816567108
2025-06-09 16:24:34,255.32127484987026
2025-06-09 16:24:42,255.3329738053347
2025-06-09 16:24:51,255.20279275137688
2025-06-09 16:24:59,253.55886656586506
2025-06-09 16:25:07,253.5082260872151
2025-06-09 16:25:16,255.2513517828753
2025-06-09 16:25:24,253.52069752202618
2025-06-09 16:25:33,249.77484696443
2025-06-09 16:25:41,253.40957307710033
2025-06-09 16:25:49,253.5133227849165
2025-06-09 16:25:58,255.42386175780027
2025-06-09 16:26:06,255.19039316370248
2025-06-09 16:26:15,254.98968605901888
2025-06-09 16:26:23,255.32670873593165
2025-06-09 16:26:31,255.02452262259607
2025-06-09 16:26:40,254.97539463503043
2025-06-09 16:26:48,254.95882713532168
2025-06-09 16:26:56,255.05729473358502
2025-06-09 16:27:05,255.07870713531227
2025-06-09 16:27:13,255.2185108955622
2025-06-09 16:27:22,253.77572804151814
2025-06-09 16:27:30,255.3456503689677
2025-06-09 16:27:38,255.49662996078771
2025-06-09 16:27:47,255.24557437866102
2025-06-09 16:27:55,253.67576039138453
2025-06-09 16:28:04,253.32811288134585
2025-06-09 16:28:12,253.61450982647577
2025-06-09 16:28:20,253.40620018875052
2025-06-09 16:28:29,253.17280906165576
2025-06-09 16:28:37,253.83510801238458
2025-06-09 16:28:46,253.40658804373794
2025-06-09 16:28:54,253.40051721345597
2025-06-09 16:29:02,253.54594781640202
2025-06-09 16:29:11,253.38666712195254
2025-06-09 16:29:19,253.44716609286516
2025-06-09 16:29:28,253.31377859976524
2025-06-09 16:29:36,253.2526815100746
2025-06-09 16:29:44,254.93202903142253
2025-06-09 16:29:53,253.17478724764376
2025-06-09 16:30:01,253.22632891351603
2025-06-09 16:30:10,252.88250382238095
2025-06-09 16:30:18,255.02026983195034
2025-06-09 16:30:26,255.14931491742408
2025-06-09 16:30:35,255.237699002258
2025-06-09 16:30:43,255.12640241237818
2025-06-09 16:30:51,255.077791282023
2025-06-09 16:31:00,255.28604578632476
2025-06-09 16:31:08,254.95247023704854
2025-06-09 16:31:17,255.22396694716542
2025-06-09 16:31:25,255.2061832750249
2025-06-09 16:31:33,255.003816452288
2025-06-09 16:31:42,255.02206614896818
2025-06-09 16:31:50,254.9451453123092
2025-06-09 16:31:59,255.08888565165532
2025-06-09 16:32:07,255.14376857593024
2025-06-09 16:32:15,254.64833274000546
2025-06-09 16:32:24,255.1250970781523
2025-06-09 16:32:32,254.96358404083037
2025-06-09 16:32:41,255.1918818035436
2025-06-09 16:32:49,255.12530520387315
2025-06-09 16:32:57,255.29680841474308
2025-06-09 16:33:06,255.3261081164138
2025-06-09 16:33:14,255.05392072102705
2025-06-09 16:33:23,255.1508745683504
2025-06-09 16:33:31,255.15212281721475
2025-06-09 16:33:39,255.16240555104204
2025-06-09 16:33:48,255.27331315797315
2025-06-09 16:33:56,255.06979273246313
2025-06-09 16:34:04,255.15288537220226
2025-06-09 16:34:13,255.10174169499254
2025-06-09 16:34:21,255.30131023363282
2025-06-09 16:34:30,255.47599828409335
2025-06-09 16:34:38,255.05562518134127
2025-06-09 16:34:46,255.1863510301575
2025-06-09 16:34:55,255.28978994301661
2025-06-09 16:35:03,254.92900419488365
2025-06-09 16:35:12,255.26091072962794
2025-06-09 16:35:20,255.2195451870603
2025-06-09 16:35:28,255.4631304784541
2025-06-09 16:35:37,255.42121154639906
2025-06-09 16:35:45,255.24182772862176
2025-06-09 16:35:54,255.26549764136792
2025-06-09 16:36:02,255.5598739041613
2025-06-09 16:36:10,255.41873163817127
2025-06-09 16:36:19,255.42177091030658
2025-06-09 16:36:27,255.33758266175792
2025-06-09 16:36:36,255.3902109662613
2025-06-09 16:36:44,255.3813866155029
2025-06-09 16:36:52,255.07702489903448
2025-06-09 16:37:01,255.36749583785038
2025-06-09 16:37:09,255.33254497936534
2025-06-09 16:37:17,255.25926561439013
2025-06-09 16:37:26,255.19512908793718
2025-06-09 16:37:34,255.28164682252543
2025-06-09 16:37:43,255.43483358420133
2025-06-09 16:37:51,255.13501582790371
2025-06-09 16:37:59,255.25819086635357
2025-06-09 16:38:08,255.2112266948011
2025-06-09 16:38:16,255.18560935392586
2025-06-09 16:38:25,255.12728038513637
2025-06-09 16:38:33,255.49376947143355
2025-06-09 16:38:41,255.1876951200333
2025-06-09 16:38:50,255.1890388418573
2025-06-09 16:38:58,255.2738483991996
2025-06-09 16:39:07,255.03475925487567
2025-06-09 16:39:15,255.0143270626071
2025-06-09 16:39:23,254.90672906271055
2025-06-09 16:39:32,244.60198734656808
2025-06-09 16:39:40,246.3603345715382
2025-06-09 16:39:49,255.4314168658085
2025-06-09 16:39:57,243.04820112099287
2025-06-09 16:40:05,245.23831364968976
2025-06-09 16:40:14,246.94343587098962
2025-06-09 16:40:22,255.18501778104667
2025-06-09 16:40:30,255.31869286581008
2025-06-09 16:40:39,255.4162558984888
2025-06-09 16:40:47,250.3120461487537
2025-06-09 16:40:56,255.04076314711176
2025-06-09 16:41:04,253.27955181408126
2025-06-09 16:41:12,255.33156528840766
2025-06-09 16:41:21,255.3154016981859
2025-06-09 16:41:29,253.56296375765507
2025-06-09 16:41:38,252.99150674349917
2025-06-09 16:41:46,252.65313772551042
2025-06-09 16:41:54,255.41610637575184
2025-06-09 16:42:03,248.04847976229698
2025-06-09 16:42:11,242.26249240548339
2025-06-09 16:42:20,243.6380815171792
2025-06-09 16:42:28,253.38111750486814
2025-06-09 16:42:36,253.09644546630636
2025-06-09 16:42:45,253.20083816406046
2025-06-09 16:42:53,252.87166813141636
2025-06-09 16:43:02,253.04434293870776
2025-06-09 16:43:10,253.06290477919686
2025-06-09 16:43:18,252.98559918526132
2025-06-09 16:43:27,252.96400449897905
2025-06-09 16:43:35,253.1277578766476
2025-06-09 16:43:44,252.9462251064587
2025-06-09 16:43:52,252.9670684283484
2025-06-09 16:44:00,252.72588510717293
2025-06-09 16:44:09,253.2601305650884
2025-06-09 16:44:17,251.5722291541332
2025-06-09 16:44:25,243.7570504196459
2025-06-09 16:44:34,251.46660311106416
2025-06-09 16:44:42,251.4667212488258
2025-06-09 16:44:51,251.54176834248722
2025-06-09 16:44:59,253.25141208855652
2025-06-09 16:45:07,251.05006274756076
2025-06-09 16:45:16,246.05953236958348
2025-06-09 16:45:24,254.03078054872677
2025-06-09 16:45:33,256.1903137708166
2025-06-09 16:45:41,255.652147617201
2025-06-09 16:45:49,256.3200966622232
2025-06-09 16:45:58,256.2601052123708
2025-06-09 16:46:06,255.506466200879
2025-06-09 16:46:15,257.38256350101227
2025-06-09 16:46:23,257.28806158989676
2025-06-09 16:46:31,257.1641994028498
2025-06-09 16:46:40,247.40043363573326
2025-06-09 16:46:48,256.1375324187029
2025-06-09 16:46:57,256.57996415672824
2025-06-09 16:47:05,256.53511549858376
2025-06-09 16:47:13,256.3707341712434
2025-06-09 16:47:22,256.4936205963604
2025-06-09 16:47:30,253.8944478081538
2025-06-09 16:47:39,256.37423126742704
2025-06-09 16:47:47,248.51162721263245
2025-06-09 16:47:55,248.2953111931498
2025-06-09 16:48:04,247.9744100009193
2025-06-09 16:48:12,248.06509882654382
2025-06-09 16:48:20,247.7964512654267
2025-06-09 16:48:29,246.15545250165678
2025-06-09 16:48:37,247.51474279465884
2025-06-09 16:48:46,244.91795478906036
2025-06-09 16:48:54,245.71014804828516
2025-06-09 16:49:02,247.39999042897733
2025-06-09 16:49:11,251.4094199289754
2025-06-09 16:49:19,252.97155709035513
2025-06-09 16:49:28,244.54918432530707
2025-06-09 16:49:36,250.18988950117614
2025-06-09 16:49:44,250.3757564894913
2025-06-09 16:49:53,243.14347933858664
2025-06-09 16:50:01,249.71592486351216
2025-06-09 16:50:10,248.0177696267064
2025-06-09 16:50:18,248.56647918859
2025-06-09 16:50:26,241.06751694327866
2025-06-09 16:50:35,247.27556234767448
2025-06-09 16:50:43,237.46579056787303
2025-06-09 16:50:52,248.19985405341328
2025-06-09 16:51:00,238.76890320617227
2025-06-09 16:51:08,249.65902921169496
2025-06-09 16:51:17,241.96186630646523
2025-06-09 16:51:25,240.6364535622442
2025-06-09 16:51:33,242.14510064328044
2025-06-09 16:51:42,241.99375437240678
2025-06-09 16:51:50,241.73420146138372
2025-06-09 16:51:59,242.23029166869208
2025-06-09 16:52:07,242.1840866845867
2025-06-09 16:52:15,241.94348414326475
2025-06-09 16:52:24,249.7111595908722
2025-06-09 16:52:32,240.99975246181972
2025-06-09 16:52:41,239.06219069499025
2025-06-09 16:52:49,240.92766836151966
2025-06-09 16:52:57,240.96106052410966
2025-06-09 16:53:06,248.06671885114613
2025-06-09 16:53:14,239.61640883540304
2025-06-09 16:53:23,250.67550027360517
2025-06-09 16:53:31,252.86782812503478
2025-06-09 16:53:39,252.78355766159717
2025-06-09 16:53:48,253.6498010381838
2025-06-09 16:53:56,255.58611724112
2025-06-09 16:54:05,255.3209958904106
2025-06-09 16:54:13,255.9293734954718
2025-06-09 16:54:21,256.365639339483
2025-06-09 16:54:30,247.92721604335222
2025-06-09 16:54:38,256.85892439167947
2025-06-09 16:54:46,257.2546181413345
2025-06-09 16:54:55,248.72902085775385
2025-06-09 16:55:03,249.65773606468602
2025-06-09 16:55:12,248.50818258950517
2025-06-09 16:55:20,254.51817182009376
2025-06-09 16:55:28,246.42416339458458
2025-06-09 16:55:37,246.37617334259915
2025-06-09 16:55:45,244.69751786058157
2025-06-09 16:55:54,242.16093691208204
2025-06-09 16:56:02,245.63370425658172
2025-06-09 16:56:10,245.45677989937758
2025-06-09 16:56:19,251.71402258431158
2025-06-09 16:56:27,246.64816738563863
2025-06-09 16:56:36,246.7099328725662
2025-06-09 16:56:44,256.84186934795355
2025-06-09 16:56:52,249.13748553777822
2025-06-09 16:57:01,246.28793607108213
2025-06-09 16:57:09,253.05342025451503
2025-06-09 16:57:18,248.38716984866187
2025-06-09 16:57:26,244.66837683087215
2025-06-09 16:57:34,257.46407028241083
2025-06-09 16:57:43,249.44818961666897
2025-06-09 16:57:51,255.4025824405253
2025-06-09 16:58:00,257.1064243471136
2025-06-09 16:58:08,257.34683195230207
2025-06-09 16:58:16,257.08832388380154
2025-06-09 16:58:25,256.78045386418466
2025-06-09 16:58:33,247.73186059262025
2025-06-09 16:58:41,243.42346071839174
2025-06-09 16:58:50,255.20993205177842
2025-06-09 16:58:58,245.6940728494369
2025-06-09 16:59:07,246.20748097953344
2025-06-09 16:59:15,246.3793848952255
2025-06-09 16:59:23,244.72331421677723
2025-06-09 16:59:32,243.8680301672975
2025-06-09 16:59:40,244.06732611437877
2025-06-09 16:59:49,243.86525862899208
2025-06-09 16:59:57,245.0406844456054
2025-06-09 17:00:05,245.24821100119635
2025-06-09 17:00:14,245.25870801040594
2025-06-09 17:00:22,246.97531982549393
2025-06-09 17:00:31,246.74999845437577
2025-06-09 17:00:39,246.68859614656628
2025-06-09 17:00:47,248.01601282123568
2025-06-09 17:00:56,248.4926711756017
2025-06-09 17:01:04,248.52992690846764
2025-06-09 17:01:12,248.20762155558538
2025-06-09 17:01:21,249.6209697839804
2025-06-09 17:01:29,249.5659206828568
2025-06-09 17:01:38,249.39956479845569
2025-06-09 17:01:47,249.38334537274204
2025-06-09 17:01:55,248.5910437167837
2025-06-09 17:02:03,248.2460064125895
2025-06-09 17:02:12,250.68796569741477
2025-06-09 17:02:20,248.8193511150965
2025-06-09 17:02:29,247.08890845067214
2025-06-09 17:02:37,247.67415201891913
2025-06-09 17:02:45,247.27731109512553
2025-06-09 17:02:54,247.692113989668
2025-06-09 17:03:02,248.06030599967056
2025-06-09 17:03:11,246.19613244229603
2025-06-09 17:03:19,246.07932862319535
2025-06-09 17:03:27,246.24085360477665
2025-06-09 17:03:36,246.23003159962968
2025-06-09 17:03:44,246.16113485128244
2025-06-09 17:03:53,244.95982065691146
2025-06-09 17:04:01,244.76078794727954
2025-06-09 17:04:09,245.06819443425852
2025-06-09 17:04:18,244.87309717341554
2025-06-09 17:04:26,245.20502450897706
2025-06-09 17:04:34,245.2921307851335
2025-06-09 17:04:43,246.88940550603186
2025-06-09 17:04:51,247.45237273005478
2025-06-09 17:05:00,247.24324221106812
2025-06-09 17:05:08,247.34442411432204
2025-06-09 17:05:16,249.9074910833559
2025-06-09 17:05:25,250.14191877816
2025-06-09 17:05:33,249.98920652216816
2025-06-09 17:05:42,250.00509095780646
